Name,Company,Position,LinkedIn 
Igal Zamir,TAT Technologies Ltd.,CEO,https://www.linkedin.com/in/igal-zamir-9049a214
Guy Guzner,Savvy,CEO & Co-Founder,https://www.linkedin.com/in/guyguzner
Mustafa Bilge,LootCopter Game Studio,VP of Growth and Product,https://www.linkedin.com/in/mbilge
Noam Aharon,Art by Noam,Artist,https://www.linkedin.com/in/noam-aharon-504760108
Tariq Alwahedi,Yas Holding,Managing Director Yas Holding,https://www.linkedin.com/in/bchem
Leon Vaidman,Agora RE,Private Investor,https://www.linkedin.com/in/leonv
Ariel Maislos,Coho AI,Co-Founder,https://www.linkedin.com/in/arielmaislos
Kobi Katz,Maccabi Health care Services,"EVP, CIO, Head of Technology Division",https://www.linkedin.com/in/kobi-jacob-katz
Ishay Green,MGK Labs,Chief Executive Officer,https://www.linkedin.com/in/ishaygreen
Tzvika Friedman,Mobilicom,Board Member,https://www.linkedin.com/in/tzvika-friedman-b48119
Omer Erkmen,Yeni Nesil Kafası,Co-Founder,https://www.linkedin.com/in/omererkmen
Vijay Agicha,Naspers,"Global Head of Strategy, M&A and Investments, PayU (Prosus Group)",https://www.linkedin.com/in/vijay-agicha-8533792
Gal Haselkorn,Okapi AI,Chief Executive Officer,https://www.linkedin.com/in/galhaselkorn
Sagi Eckhaus,iCape - Empowering Retailers and Malls to maximize their business potential,Co-Founder & CEO,https://www.linkedin.com/in/sagi-eckhaus-680b321
Okan Barlas,KeyFruit Inc.,Fellow,https://www.linkedin.com/in/okanbarlas
Meeta Gupta,Moolah for Women- Moolah Literacy Pvt Ltd.,Founder and CEO,https://www.linkedin.com/in/meeta-gupta-7822771a
Aleyna Doekuek,Origin Logistics,Operation Specialist,https://www.linkedin.com/in/aleyna-dökük-68a889172
David S.,World High Life,Co-Founder,https://www.linkedin.com/in/david-s-b40301126
Shmulik Regev,Transmit Security,CTO,https://www.linkedin.com/in/shmulik-regev-9085622
Erhan Acar,Bond Digital,Chief Executive Officer,https://www.linkedin.com/in/erhan-acar-1a3a8a2
Ersin Gencturk,Bithesap,Founder,https://www.linkedin.com/in/ersingencturk
Zohar Rozenberg,Tripledot Studios,Chief Operating Officer,https://www.linkedin.com/in/zohar-rozenberg-0502221
Okan Erol,Sortext,Co-Founder & CEO,https://www.linkedin.com/in/okanerol
Paul Vittecoq,SIX INCH INTERIOR DECORATION,General Manager,https://www.linkedin.com/in/paul-vittecoq-4a184430
Ilhan Bagoren,Telenity,"Founder, CEO",https://www.linkedin.com/in/ilhan-bagoren-37a88
Dalya T.,CRYSP VERTICAL FARMS,Board Advisor,https://www.linkedin.com/in/dalya-t-4b41a54
Miri Eisin,Women In International Security Israel,Board Member,https://www.linkedin.com/in/miri-eisin-a579ab43
Zafer Tokcanli,Buddy Performance,Co-Founder & Board Member,https://www.linkedin.com/in/zafer-şafak-tokcanli-b25545a
Yaron Elad,Elron Ventures,Chief Executive Officer at Elron Ventures,https://www.linkedin.com/in/yaron-elad-aa7a213b
Noa Wolfson,Susquehanna Growth Equity,Growth Equity Investor,https://www.linkedin.com/in/noawolfson
Boaz Kantor,Future Energy Ventures,Advisor,https://www.linkedin.com/in/boazkantor
Erhan Celik,Athena Bilgi Teknolojileri,Founder,https://www.linkedin.com/in/erhancelik
Adi Zukovsky,Battery Ventures,Partner,https://www.linkedin.com/in/adidangot
Sueleyman Sahin,Coinbase,Investor,https://www.linkedin.com/in/süleyman-şahin-53074096
Sky Kurtz,Pure Harvest Smart Farms,Founder & CEO @ Pure Harvest Smart Farms; Co-founder,https://www.linkedin.com/in/skykurtz
Magnus Kjoller,Kjøller,Founder and owner,https://www.linkedin.com/in/magnuskjoeller
Patrick Lardi,ST Real Estate Holding Inc.,Member of the Board of Directors,https://www.linkedin.com/in/patricklardi
Lalit Vase,NASR ESPORTS,Founder and CEO,https://www.linkedin.com/in/lalit-vase-71ab8a15
Tal Zackon,TRES Finance,Customer Support,https://www.linkedin.com/in/talzackon
Michael Denormandie,Fjord,Investor,https://www.linkedin.com/in/michael-denormandie-8b6563b4
Ishay Green,MGK Labs,Chief Executive Officer,https://www.linkedin.com/in/ishaygreen
On Freund,Wilco,Co-Founder & CEO,https://www.linkedin.com/in/onfreund
Mansour Almulla,ADQ,Group Chief Investment Officer,https://www.linkedin.com/in/mansour-almulla-6bb17064
Khaled Huraimel,BEEAH Group,Group CEO & Vice Chairman,https://www.linkedin.com/in/khaledalhuraimel
Mohammed A.,Emrgo,Chief Executive Officer,https://www.linkedin.com/in/malsehli
Gal Sides,Sides סידס,Vice President,https://www.linkedin.com/in/gal-sides-1775a115
Zeynep Unal,YTU,Professor at Restoration Department,https://www.linkedin.com/in/zeynep-gül-ünal-66061920
Emre Goever,Ekosera Kimya San. Tic. A.Ş.,Co-founding GM,https://www.linkedin.com/in/emre-gover
Zeevi Michel,Elaia,Partner,https://www.linkedin.com/in/zeevimichel
Meeta Gupta,Moolah for Women- Moolah Literacy Pvt Ltd.,Founder and CEO,https://www.linkedin.com/in/meeta-gupta-7822771a
Tariq Alwahedi,Yas Holding,Managing Director Yas Holding,https://www.linkedin.com/in/bchem
Jonathan Junowicz,Fortinet,Major Account Manager - Very Large Enterprise,https://www.linkedin.com/in/jonathan-nevo-junowicz-5a30551
Yariv Nornberg,Julius Baer,"Head of Partnerships and Strategic Projects for Israel, Turkey, Greece & Cyprus",https://www.linkedin.com/in/yariv-nornberg-6257b
Drnoor Atatreh,AL Ain University of Science and Technology,Deputy Chairman of board of trustees,https://www.linkedin.com/in/dr-noor-aldeen-atatreh-540b2296
Alex Oppenheimer,Verissimo Ventures,Verissimo Ventures,https://www.linkedin.com/in/alex-oppenheimer
Ofer Wald,500 Startups,Mentor,https://www.linkedin.com/in/oferwald
Ariel Maislos,Coho AI,Co-Founder,https://www.linkedin.com/in/arielmaislos
Gal Haselkorn,Okapi AI,Chief Executive Officer,https://www.linkedin.com/in/galhaselkorn
Charles-Antoine Beyney,BSO,Chairman & co-founder,https://www.linkedin.com/in/cabeyney
Uri Levine,Uri Levine,"Author | Order Today in English, Portueguese, or Spanish, with more coming soon!",https://www.linkedin.com/in/uri-levine
Tamir Meiri,Reichman University,"Guest Lecturer, Teacher's assistant",https://www.linkedin.com/in/tamir-meiri-694a9b10
Ido Gur,,Sales,https://www.linkedin.com/in/ido-gur-1281068
Yaron Elad,Elron Ventures,Chief Executive Officer at Elron Ventures,https://www.linkedin.com/in/yaron-elad-aa7a213b
Shaik Hamdan,Rdock,Co-Founder & CEO,https://www.linkedin.com/in/hamdan
Efi Shema,Wilson's Bird Capital,Managing Partner,https://www.linkedin.com/in/efi-shema-93090554
Saar Wilf,Bzigo,Chairman,https://www.linkedin.com/in/saar-wilf-b8a227
Georges R Chakar,,CEO - Executive Coach - Senior Strategy Director - Transformation Advisor - Communications Expert - Hospitality Professional - Growth Enabler - Think Tank facilitator -,https://www.linkedin.com/in/georges-r-chakar
Onur Topac,Inveo Yatırım Holding,CEO,https://www.linkedin.com/in/onur-topac
Tiran Hakobyan,Seaside Startup Summit,Director-MENA Region,https://www.linkedin.com/in/tiran-hakobyan-a74539a3
Yuval Cohen,StageOne Ventures,Founder & Managing Partner,https://www.linkedin.com/in/yuval-cohen-55b89
Erhan Acar,Bond Digital,Chief Executive Officer,https://www.linkedin.com/in/erhan-acar-1a3a8a2
Aaron Rinberg,Battery Ventures,Partner,https://www.linkedin.com/in/aaronrinberg
Shlomi Dolev,New Jersey Institute of Technology,Adjunct Professor,https://www.linkedin.com/in/shlomi-dolev-a848644
Cem Once,Intergen Genetic and Rare Diseases Diagnosis R&D,Chief Executive Officer,https://www.linkedin.com/in/cem-once-88b4001
Amit Ashkenazi,Microsoft,Account Technology Strategist,https://www.linkedin.com/in/amit-ashkenazi-961b0425
Altay Tinar,DoktorTakvimi,Co-Founder DocPlanner (Eniyihekim.com),https://www.linkedin.com/in/altaytinar
Vasily Tsvetkov,innogy International Middle East,Senior Consultant / Project Leader,https://www.linkedin.com/in/vasily-tsvetkov-67883a41
Koray Bahar,Figopara,Co-Founder & CEO,https://www.linkedin.com/in/koraybahar
Hatem Dowidar,e&,Group CEO,https://www.linkedin.com/in/hatem-dowidar-7362b6
Paul Vittecoq,SIX INCH INTERIOR DECORATION,General Manager,https://www.linkedin.com/in/paul-vittecoq-4a184430
Natan Amid,Bllink,Board Member,https://www.linkedin.com/in/natan-amid-691b8910a
Ariel Finkelstein,WiseStamp,Venture Partner,https://www.linkedin.com/in/arielfin
Yigit Aktulga,biftek.co,Angel Investor,https://www.linkedin.com/in/yigitaktulga
Alvaro Delbes,Boston Consulting Group,Associate Director,https://www.linkedin.com/in/alvarogarciadeoteyza
Tzvi Appel,UPC Precision Castings Ltd.,Board member and investor,https://www.linkedin.com/in/tzvi-appel-b15ba536
Moez Sacoor,YPO,Member Ypo Dubai Downtown,https://www.linkedin.com/in/moez-sacoor-7b55288a
Ebora Uygun,,Founder & CEO,https://www.linkedin.com/in/dr-e-bora-uygun-a768b744
Genco Alp,Lokum Games,Founder & CEO,https://www.linkedin.com/in/genco-alp-4359171
Mehmet Atici,Earlybird Venture Capital,Partner,https://www.linkedin.com/in/msatici
Shiran Shalev,Battery Ventures,Partner,https://www.linkedin.com/in/shiranshalev
Cenk Serdar,TechOne Venture Capital,Investment Committee Member,http://www.linkedin.com/in/cenkserdar
Uri Fligil,Medinol,Sales and Marketing Executive,https://www.linkedin.com/in/urifligil
Abdelhameed Sharara,Agora School of Business,Professor of Entrepeneurship Practice,https://www.linkedin.com/in/abdelhameed-sharara-6a983456
Murat Ö.,Key of Change Consultancy&Education,Founder,https://www.linkedin.com/in/mozanlar
Mosam Gadia,noon,building noon pay,https://www.linkedin.com/in/mosamgadia
Yoav Shaked,AIVF,Board Member,https://www.linkedin.com/in/yoav-shaked-2001355
Uri Arazy,Israel,Columbia University fu Foundation School of Engineering and Applied Science,https://www.linkedin.com/in/uri-arazy-15143
Ronen Saar,,Organizational Development Specialist,https://www.linkedin.com/in/ronen
Omri Krigel,Secret Chord Ventures,Founder & Managing Partner,https://www.linkedin.com/in/omri-krigel-831b073
Aviv Garten,,Co-Founder @ HomeHero. To create. To take risks. To live your passion. To be an entrepreneur.,https://www.linkedin.com/in/aviv-garten-3a6980174
Iri Amirav,JLL Technologies,"Vice President Of Business Development, Revenue",https://www.linkedin.com/in/amirav
Zafer Tokcanli,Buddy Performance,Co-Founder & Board Member,https://www.linkedin.com/in/zafer-şafak-tokcanli-b25545a
Gal Yissar,New Legend Entertainment Ltd,CEO and CO-FOUNDER,https://www.linkedin.com/in/galyissar
Shuli Gilutz,Tel Aviv University,Programme Officer (Child Rights & Digital Business),https://www.linkedin.com/in/shuligilutz
Selcuk Sarac,Mars Datacenter,Founder - Managing Director,https://www.linkedin.com/in/selcuk-sarac-1682755
Boaz Kantor,Future Energy Ventures,Advisor,https://www.linkedin.com/in/boazkantor
Rajiv Dalmia,Data Direct Group,Founder and Chairman,https://www.linkedin.com/in/rajiv-dalmia-725808111
Dror Ceder,Lumen,Founder & Chief Growth Officer,https://www.linkedin.com/in/drorceder
Bugra Celik,imece,Board Member,https://www.linkedin.com/in/bugracelik
Alexander Abasheev,McKinsey & Company,Senior Associate,https://www.linkedin.com/in/alexanderabasheev
Yoav Tzruya,JVP,General Partner,https://www.linkedin.com/in/yoav-tzruya-36198b
Gonen Fink,Palo Alto Networks,Senior Vice President & Head of Israel R&D Center,https://www.linkedin.com/in/gonenfink
Guy Shinar,Javelin Medical,Co-founder and CTO,https://www.linkedin.com/in/guy-shinar-1458ab18
Zvika Orron,Viola Ventures,General Partner,https://www.linkedin.com/in/zvika-orron-29697b40
Pinar Kutsal,Crenvo İK,Co-Founder,https://www.linkedin.com/in/pkutsal
Amir Fridman,Western Digital,"Director, Corporate Development and Capital Investments",https://www.linkedin.com/in/amirfridman
Nofar Schnider,StageOne Ventures,Principal,https://www.linkedin.com/in/nofar-schnider
Fred Bosch,chunk foods,Board Member/advisor,https://www.linkedin.com/in/fredv1
Adi Zukovsky,Battery Ventures,Partner,https://www.linkedin.com/in/adidangot
Erman Turan,Avane Cloud Kitchens,Investor,https://www.linkedin.com/in/ermanturan
Mohamed El-Hawary,Estasherny App,Founder & CEO,https://www.linkedin.com/in/mmamdouh-1136
Sinan Guler,Guler Legacy,Co-Founder,https://www.linkedin.com/in/sinanguler32
Dima Shafranovich,InsurMedix Inc.,Founding Investor,https://www.linkedin.com/in/dima-shafranovich-120474195
Merav Weinryb,Sunvest Capital Partners,Founder & Managing Partner,https://www.linkedin.com/in/merav-weinryb-00332
Cagri Bozay,Musixen,Founder & CEO,https://www.linkedin.com/in/cagribozay
Rami Lachter,Flare,Co-founder,https://www.linkedin.com/in/ramilachter
Tuelin Karabuek,Birdcage33,Founder Birdcage33,https://www.linkedin.com/in/tulinkarabuk
Merve Gurel,Kolektif House,Growth Manager at AnalyticaHouse,https://www.linkedin.com/in/merve-gurel-73920383
Samet Celik,TOBB,Digital Transformation Consultancy,https://www.linkedin.com/in/sametcelik
Guy Zipori,Melio Payments,VP R&D,https://www.linkedin.com/in/guyzipori
Danny Ochieng,YALI Regional Leadership Center East Africa,"Founder, CEO",https://www.linkedin.com/in/dannyochieng
Daniel Mor,Lumen,Co-Founder & CEO,https://www.linkedin.com/in/danieltal
Hasan Erendemir,Hälsa Sängar AB,Chairman Of The Board,https://www.linkedin.com/in/hasan-erendemir-8b99a31
Karim Beshara,A15,GP,https://www.linkedin.com/in/karimbeshara
Berke Birben,BRK Metal Hassas Döküm (Investment Casting),Materials And Process Engineer,https://www.linkedin.com/in/berke-birben-402670189
Ahmad Shehada,Facebook,"Government Vertical Partner Manager, Middle East and North Africa (MENA)",https://www.linkedin.com/in/ahmad-shehada-298501
Sharon Besser,Guardicore,Chief Product Officer,https://www.linkedin.com/in/besser
Shahar Bin-Nun,Tactile-Mobility,Chief Executive Officer,https://www.linkedin.com/in/shahar-bin-nun-23a30aa
Gili Raanan,Cyberstarts,Cyberstarter,https://www.linkedin.com/in/giliraanan
Bruno Massera,Rural Ventures,General Partner,https://www.linkedin.com/in/brunomassera
Micha Shahaf,WAVE BL,Chief Financial Officer,https://www.linkedin.com/in/micha-shahaf-11297032
Dalya T.,CRYSP VERTICAL FARMS,Board Advisor,https://www.linkedin.com/in/dalya-t-4b41a54
Boaz Zilber,Cynet,Member,https://www.linkedin.com/in/boaz-zilber-3a5609
Farouk Jivani,Zeroe,Founder & CEO,https://www.linkedin.com/in/faroukjivani
Yaron Rosenbaum,,"CEO, Founder",https://www.linkedin.com/in/yaronr
Haim Greenberg,HARBO Technologies Ltd,Co-Founder Board Member,https://www.linkedin.com/in/haim-greenberg-5a75111a
Ayhan B.,Sovos,Vice President Product Management,https://www.linkedin.com/in/ayhanboyacioglu
Amer Alaily,,Mubadala Capital | Ventures,https://www.linkedin.com/in/amer-alaily-8793844
Erhan Celik,Athena Bilgi Teknolojileri,Founder,https://www.linkedin.com/in/erhancelik
Mustafa Yildiz,Reckitt,Assistant Brand Manager - Health,https://www.linkedin.com/in/mburakyildiz
Matthew Fct,Mubadala,Executive Director - CFO Alternative Investments & Infrastructure,https://www.linkedin.com/in/matthew-hurn-fcma-cgma-fct-aab89b6
Noam Aharon,Art by Noam,Artist,https://www.linkedin.com/in/noam-aharon-504760108
Leon Vaidman,Agora RE,Private Investor,https://www.linkedin.com/in/leonv
Hamed Alkarbi,Takaful Emarat,Board Member,https://www.linkedin.com/in/hamed-ahmed-omar-salem-alkarbi-482b211b2
Bora Kocyigit,Papara SuperMassive,CEO / Co-Founder,https://www.linkedin.com/in/bora-kocyigit-6baa0413
Shai Wininger,Lemonade,"Tech Entrepreneur. Co-Founder, CEO @ Lemonade (NYSE:LMND), Co-Founder",https://www.linkedin.com/in/shaiwininger
Tal Slobodkin,StageOne Ventures,Managing Partner,https://www.linkedin.com/in/slobodkin
Itzik Oliver,Bank Hapoalim בנק הפועלים,Head Of Cyber Security Products Team,https://www.linkedin.com/in/itzik-oliver-5395902a
David Reche,Careem,Co-Founder,https://www.linkedin.com/in/davidreche
Funda Sezgin,Great Place to Work®,Regional VP/ Consultant,https://www.linkedin.com/in/fundasezgin
Raffi Margaliot,Incredibuild,Board Advisor,https://www.linkedin.com/in/raffimargaliot
Oguz Aşıcı,ASC GRUP,Chairman,https://www.linkedin.com/in/oguzasici
Yuval Elovici,Ben-Gurion University of the Negev,Head of Ben-Gurion University Cyber Security Research Center,https://www.linkedin.com/in/yuval-elovici-0baa4a4
Tomer Moshe,Upsolver,Chairman,https://www.linkedin.com/in/tomerb1
Boaz Peer,Qualcomm Ventures,Managing Director (Israel & Europe),https://www.linkedin.com/in/boaz-peer-1089352
Ercument Inanc,Mentor Effect,Executive Board Member,https://www.linkedin.com/in/ercument-inanc-886aab16
Amit Karp,Bessemer Venture Partners,Partner,https://www.linkedin.com/in/amitkarp
Alex Liverant,esh,CTO & Co-Founder,https://www.linkedin.com/in/alexliv
Michael Zimmer,VivenTec - Immersive Technology,"Co-Founder and CEO, Viven Tec Ltd. Immersive technology",https://www.linkedin.com/in/michael-miki-zimmer-4480b86
Turgut Gursoy,Lidya Ventures,Founder,https://www.linkedin.com/in/turgut-gursoy-86781217
Mike Netz,Forsight Robotics,Investor,https://www.linkedin.com/in/mike-netz-ba061b114
Ran Levy,HomeLend,Seed Investor (Lead),https://www.linkedin.com/in/ranlevy
Eran Bielski,Entrée Capital,General Partner,https://www.linkedin.com/in/eran-bielski-1baa2049
Vaibhav Adhlakha,Riseoo,Chief Executive Officer & Founder,https://www.linkedin.com/in/adhlakha
Itzik Levy,vcita,Co-founder and CEO,https://www.linkedin.com/in/levyitzik
Asaf B.,,Lawyer,https://www.linkedin.com/in/asaf-b-061bb08b
Simon Gelfand,Wikiz,Chief Technology Officer & Co-Founder,https://www.linkedin.com/in/webshark
Talor Sax,eHealthVentures,CEO,https://www.linkedin.com/in/talorsax
Lior Levinsky,RDC,Chief Financial Officer,https://www.linkedin.com/in/lior-levinsky-11a01b2
Shy Datika,INX,"Founder & CEO, President INX Digital assets listing & trading",https://www.linkedin.com/in/shy-datika-4a241
Khalid C.,HostSailor,Director,https://www.linkedin.com/in/khalid-c-46b879165
Shmil Levy,Venn City,Chairman,https://www.linkedin.com/in/shmil-levy-8697343
Raymond-Vaughan Carter,Independent Marine & Engineering Consultants Ltd.,Marine Engineer,https://www.linkedin.com/in/raymond-vaughan-carter-4abb075a
Alon Weinberg,Cisco,"Director, Leading Cisco Investments and M&A for Israel and LATAM",https://www.linkedin.com/in/alonweinberg
Jean-Pierre Mondalek,houza,Chief Executive Officer,https://www.linkedin.com/in/jpmondalek
Mehmet Celikol,Kavak,CEO Turkey,https://www.linkedin.com/in/mehmet-celikol-7460632
Ilhan Bagoren,Telenity,"Founder, CEO",https://www.linkedin.com/in/ilhan-bagoren-37a88
Mai Jaber,Imperial College London Diabetes Centre,Chief Executive Officer,https://www.linkedin.com/in/mai-al-jaber-2a251b24
Tahsin Isin,Endeavor Türkiye,Endeavor Entrepreneur,https://www.linkedin.com/in/isin26
Cobi Moise,MassChallenge Israel,Mentor,https://www.linkedin.com/in/cobi-moise-0a06832b
Oded Zucker,Total Protect,Head of Global Operations,https://www.linkedin.com/in/oded-zucker-2a141
Hakan Bas,Ace Games,Founder & CEO,https://www.linkedin.com/in/hakanbas
David Kalmanson,Reichman University,Lecturer,https://www.linkedin.com/in/davidkalmanson
Dori Harpaz,LayerX Security,Chief Marketing Officer,https://www.linkedin.com/in/doriharpaz
Dogan Taskent,Türkiye İlaç Sanayi Derneği,Board Member,https://www.linkedin.com/in/dogantaskent
Walid Aradi,Tahseen Consulting,CEO,https://www.linkedin.com/in/walidaradi
Cem Soysal,iNVENTRAM!,CEO,https://www.linkedin.com/in/alicemsoysal
Ofer Adler,Lexense,Investor,https://www.linkedin.com/in/oferadler
Joseph Malka,lunar.dev,"Advisory Board Member, Investor",https://www.linkedin.com/in/yossimalka
Baat Enosh,Nia Growth,"Co-founder, CEO",https://www.linkedin.com/in/baatenosh
Madhu Avalur,Angaros Group,Founder & Group CEO,https://www.linkedin.com/in/avalur
Orit Alperovitz,NEOME -Women Investing Club,Founder & CEO,https://www.linkedin.com/in/orit-alperovitz-4759b099
Varis Sayed,FINCASA VENTURES,Chief Executive Officer,https://www.linkedin.com/in/varis-sayed-4a239318
Guy Guzner,Savvy,CEO & Co-Founder,https://www.linkedin.com/in/guyguzner
Shai Morag,Ermetic,"SVP, General Manager Cloud Security",https://www.linkedin.com/in/moragshai
Itay Glick,OPSWAT,Vice President of Products,https://www.linkedin.com/in/itay-glick-6073a63
Ofir Azury,Gandyr Investments,Head of Technology Investments,https://www.linkedin.com/in/ofirazury
Ola Ghaib,,Manager - UN Partnership on Persons with Disabilities Fund at UNDP,https://www.linkedin.com/in/dr-ola-abu-al-ghaib-82378726
Toby Olshanetsky,prooV,Chief Executive Officer,https://www.linkedin.com/in/toby-olshanetsky-3519152
Zohar Rozenberg,Tripledot Studios,Chief Operating Officer,https://www.linkedin.com/in/zohar-rozenberg-0502221
Omer Erkmen,Yeni Nesil Kafası,Co-Founder,https://www.linkedin.com/in/omererkmen
Serkan Borancili,Getir,Co Founder & Investor,https://www.linkedin.com/in/serkan-borancili-ab626a4
Ersin Gencturk,Bithesap,Founder,https://www.linkedin.com/in/ersingencturk
Dodo Putzetten,Club degli Investitori,Business Angel,https://www.linkedin.com/in/dodo-von-putzetten-7aa007108
Ofer Shani,Tech Companies,Meditation Coach and MC,https://www.linkedin.com/in/ofershani
Marc Gaffan,Hysolate,CEO,https://www.linkedin.com/in/marc-gaffan
Firat Isbecer,Commencis,CEO,https://www.linkedin.com/in/firat-isbecer-080362
Manish Hiranandani,Hira Industries LLC,Managing Director,https://www.linkedin.com/in/manishhiradubai
Oren Harel,PlainID,CEO,https://www.linkedin.com/in/oren-ohayon-harel-2037276a
Semih Incedayi,Doğuş Teknoloji,CEO,https://www.linkedin.com/in/semihincedayi
Yuval Bar-Gil,Aidoc,Entrepreneur with broad experience in all aspects,https://www.linkedin.com/in/yuval-bar-gil-a3619
Mustafa Vardali,Teknasyon,Co-Founder,https://www.linkedin.com/in/mstfvrdl
Bengisu Tuerker,DorukNet,Account Manager,https://www.linkedin.com/in/bengisuturker
Yaron Segev,Iguazio,"iguazio COO, Chief Product Officer (co-founder)",https://www.linkedin.com/in/yaron-segev-48516a2
Orkun Tekin,Otelz.com,Co-Founder & CRO,https://www.linkedin.com/in/orkuntekin
Nitai Alush-Aben,SmartMirror,Investor,https://www.linkedin.com/in/nitai-alush-aben-015101
Amir Kfir,Amirror Group Organizational Development,Owner and CEO,https://www.linkedin.com/in/amir-kfir
Mustafa Alper,,"Management Consulting, Former Secretary general of YASED",https://www.linkedin.com/in/mustafa-alper-aa70351b
Eran Litvak,Solterra Renewable Energy,Company Owner,https://www.linkedin.com/in/eran-litvak-a5095a21
Eyal Gura,MAPS Israel,EIR,https://www.linkedin.com/in/eyalgura
Ahmet Kayhan,REIDIN - Data Analytics,Head of International - Dgpays Group | Board Member,https://www.linkedin.com/in/ahmetkayhan
Avi Smila,Lumen,Founder and CIO,https://www.linkedin.com/in/avismila
Ran Achituv,Entrée Capital,Managing Partner,https://www.linkedin.com/in/rachituv
Scott Tobin,Battery Ventures,Senior Partner,https://www.linkedin.com/in/tobinscott
Pramendra Garg,E20 Investment LTD.,Chief Investment Officer,https://www.linkedin.com/in/pramendragarg
Yigal Jacoby,DriveU.auto,Chairman Of The Board,https://www.linkedin.com/in/yigal-jacoby-8569235
Sagi Katz,Icebow Ltd.,Co-Founder,https://www.linkedin.com/in/sagikatz
David Ronen,Qualcomm,Director of Product Management,https://www.linkedin.com/in/davidronen
Doron Cohen,Tag'by,Managing Partner & CEO,https://www.linkedin.com/in/doroncohen
Dan Eblagon,Bono,Co-Founder,https://www.linkedin.com/in/daneblagon
Yigit Sagir,Kariyer Ve Gelişim Kulübü,Board Member,https://www.linkedin.com/in/yiğit-sağır-37a080151
Ervin Leibovici,Jibe Ventures,Crew Member,https://www.linkedin.com/in/ervin-leibovici-8493b
Mickey Boodaei,Transmit Security,CEO,https://www.linkedin.com/in/mickeyboodaei
Sasha Babitsky,Entoprotech LTD,CEO,https://www.linkedin.com/in/sashababitsky
Attila Koksal,Sabancı University,Instructor - Behavioral Finance for the EMBA and PMBA programs FIN 806/FIN 906,https://www.linkedin.com/in/attilakoksal
Erez Sobol,Cellotex,Business Development at Cellotex,https://www.linkedin.com/in/erezsobol
Raz Alon,Zivlin,Co-Owner,https://www.linkedin.com/in/razalon
Omry Czapnik,Lumen,Interim COO & CFO,https://www.linkedin.com/in/omry-czapnik-90a1684b
Can Serter,Wooshii,Investor,https://www.linkedin.com/in/cserter
Sundararajan P,Agratas,Chief Financial Officer - Global,https://www.linkedin.com/in/sundararajanp
Mehmet Goezuem,Mondi Group,İndependent Board Member,https://www.linkedin.com/in/mehmet-sait-gözüm-01212221
Tzvika Friedman,Mobilicom,Board Member,https://www.linkedin.com/in/tzvika-friedman-b48119
Omer Akarca,Agrovisio Official,Angel Investor,https://www.linkedin.com/in/omerakarca
Jose Valles,Sitecore,President EMEA,https://www.linkedin.com/in/joseavalles
Levent Kusgoz,Youcan Games Investment Company,Co-Founder & Investment Lead,https://www.linkedin.com/in/levent-kusgoz-78b97936
Boris Gorin,Zscaler,VP of Product Management,https://www.linkedin.com/in/borisgorin
Kaan Ozhelvaci,EGİAD,Vice President,https://www.linkedin.com/in/kaan-özhelvacı-b8b04875
Giora Kornblau,Rapid Medical,CTO,https://www.linkedin.com/in/giorakornblau
Izzet Zakuto,S,COO & Co-Founder,https://www.linkedin.com/in/izzet-zakuto-054b6b40
Demirhan Sener,Multinet,"Co-Founder, Board Member",https://www.linkedin.com/in/demirhansener
Ahmed Ansari,USAGov,Chief Operating and Future Foresight Officer,https://www.linkedin.com/in/ahmed-al-ansari-38078395
Yigit Satiroglu,Assembly Buildings,Co-Founder and Investor,https://www.linkedin.com/in/yigitsatiroglu
Duby Lachovitz,PLUS VENTURES,Co-Founder & CEO,https://www.linkedin.com/in/dubylach
Levent Hatay,Turfan Tarımsal Üretim ve Pazarlama A.Ş.,Chairman and Shareholder,https://www.linkedin.com/in/leventhatay
Amir Leitersdorf,JLL Technologies,General Manager of JLL Technologies Israel and Vice President Of Products,https://www.linkedin.com/in/leiters
Mehmet Okur,Sefamerve,Founder,https://www.linkedin.com/in/mehmet-metin-okur-1206b929
Miri Eisin,Women In International Security Israel,Board Member,https://www.linkedin.com/in/miri-eisin-a579ab43
Tzvi Kopetz,Selina,VP of Marketing,https://www.linkedin.com/in/tzvikopetz
Baris Ozistek,Joygame Publishing,Chairman,https://www.linkedin.com/in/baris-ozistek-b071374
Cyril Solal,Squadded,Co-Founder,https://www.linkedin.com/in/cyrilcs
Mustafa Bilge,LootCopter Game Studio,VP of Growth and Product,https://www.linkedin.com/in/mbilge
Zeynep Ekin,The Estée Lauder Companies,Retail Human Resources Intern,https://www.linkedin.com/in/zeynep-ekin-m-0ba97b19b
Ibrahim Betil,Ali İsmail Korkmaz Vakfı - ALİKEV,Board Member,https://www.linkedin.com/in/ibrahim-betil-0a0b623
Johan Bahia,SMARTONE GLOBAL,Managing Partner,https://www.linkedin.com/in/johanbahia
Patrick McDermott,Action for Happiness in Abu Dhabi,Local Champion,https://www.linkedin.com/in/patrickmcdermott
Gadi Porat,JVP,General Partner,https://www.linkedin.com/in/gadi-porat-0708871
Jonathan Jacobi,Checkout.com,Principal Risk Analyst,https://www.linkedin.com/in/yonatanjacobi
Vijay Agicha,Naspers,"Global Head of Strategy, M&A and Investments, PayU (Prosus Group)",https://www.linkedin.com/in/vijay-agicha-8533792
Serkan Bagce,Fongogo,General Manager,https://www.linkedin.com/in/serkanbagce
Mandip Dulay,IMPACT Middle East,Founding Partner,https://www.linkedin.com/in/mandipdulay
Ornit Shinar,RAIN Merchant Bank,Partner,https://www.linkedin.com/in/ornit-shinar-b80173
Tamar Bezalel,cnvrg.io,Head of B2B Supply,https://www.linkedin.com/in/tamar-reshef-bezalel-7702411b
Amit Giladi,Shopsea,Co-founder,https://www.linkedin.com/in/amitgiladi
Yagmur Agirbas,Bunge,R&D Application Intern,https://www.linkedin.com/in/yagmur-agirbas
Sagi Eckhaus,iCape - Empowering Retailers and Malls to maximize their business potential,Co-Founder & CEO,https://www.linkedin.com/in/sagi-eckhaus-680b321
Tal Dahabani,Frutiz Animation,Founder & CEO,https://www.linkedin.com/in/tal-dahabani-871b6a9a
Mandar Joshi,9Unicorns,Shareholder I Partner,https://www.linkedin.com/in/mandarjoshidubai
Ran Oz,CommonGround-AI,Co-Founder and CTO,https://www.linkedin.com/in/ranoz
Obaid Bokisha,Etisalat,Managing Director,https://www.linkedin.com/in/obaid-bokisha-069a6922
Rotem Gindi,APPUSH (NASDAQ: MGIC),Co-founder & Co-CEO,https://www.linkedin.com/in/rotem-gindi-2a658871
Wael Aly,Nissan Motor,"Senior Manager, AMIEO Crisis Management Section",https://www.linkedin.com/in/wael-farouk
Wael Kaskas,Haleon,VP Marketing - MEA,https://www.linkedin.com/in/wael-kaskas-80299a13
Amir Farha,BECO Capital,Founder,https://www.linkedin.com/in/amirfarha
Alp Yelkenbicer,EGİAD,President,https://www.linkedin.com/in/alp-avni-yelkenbicer-b0949a41
Volkan Onguc,The Coca-Cola Company,"Revenue Growth Management (RGM), Senior Director / Eurasia & Middle East Operating Unit",https://www.linkedin.com/in/volkanonguc
Elad Kushnir,Celery,Investor,https://www.linkedin.com/in/eladkushnir
Nabil Abdallah,SER Group,VP Sales and Managing Director,https://www.linkedin.com/in/nabil-ben-abdallah-70588740
Eugene Kreinin,Faireez inc.,Angel Investor,https://www.linkedin.com/in/eugenekreinin
Emil Guberman,GeoCloud.AI,Chief Executive Officer,https://www.linkedin.com/in/emilguberman
