VC Firm name,Website,Contact,Global HQ,Countries of investment,Stage of investment
Dale Ventures,http://dale.com/,Vist website,"Dubai, Dubai, United Arab Emirates",UAE,"2. Prototype,3. Early Revenue,4. Scaling,5. Growth"
Leyden Ventures,https://www.leyden.vc/,Vist website,"Emirates Towers, Dubai, UAE",USA,"3. Early Revenue,2. Prototype,1. Idea or Patent"
Mubadala Ventures,https://www.mubadala.com/en/what-we-do/capital/ventures,Vist website,"Abu Dhabi, Abu Dhabi, United Arab Emirates","USA,UAE",3. Early Revenue
Nuwa Capital,https://nuwacapital.io/,Vist website,"Dubai, UAE and Riyadh, KSA","UAE,Saudi Arabia,Oman,Egypt,Jordan,Pakistan,Turkey,Lebanon,Kenya,Uganda,Morocco,Tunisia,Bahrain,Kuwait","3. Early Revenue,4. Scaling,5. Growth"
Shibumi International ,http://www.shibumi-international.com/,Vist website,UAE,USA,"2. Prototype,3. Early Revenue"
TerraVC,https://terra.vc/,Vist website,UAE,"Israel,USA,Canada",3. Early Revenue
Turn8,http://turn8.co/team,Vist website,UAE,"USA,Israel,Canada",2. Prototype
Venture MENA,http://www.venturemena.com/,Vist website,"34th Floor, 3416 ResCo-Work04, Al Maqam Tower Abu Dhabi Global Market, Abu Dhabi, UAE","UAE,Saudi Arabia,Egypt,Kuwait,Qatar,Bahrain,Jordan,Palestine,Iraq,Morocco,Algeria,Tunisia,Oman,Lebanon","1. Idea or Patent,2. Prototype,3. Early Revenue"
Alarabi Venture Capital,https://alarabiinvest.com/,Vist website,"512, Index Tower, DIFC, Dubai, UAE","UAE,Saudi Arabia,Bahrain,Jordan,Lebanon,Egypt,Oman,Kuwait,Qatar","3. Early Revenue,4. Scaling"
Mempool Ventures,https://www.mempool.ventures,Vist website,"Dubai Silicon Oasis, DDP, Building A2, Dubai-UAE","Afghanistan,Angola,Andorra,Antigua and Barbuda,Argentina,Armenia,Australia,Austria,Azerbaijan,Bahamas,Bahrain,Algeria,Belarus,Barbados,Belgium,Belize,Benin,Bhutan,Botswana,Bosnia-H,Brunei,Brazil,Burkina Faso,Bulgaria,Cabo Verde,Cambodia,Cameroon,Burundi,Bangladesh,Canada,Chile,Colombia,Comoros,Congo (Congo-Brazzaville),Chad,Albania,Central African Republic,Costa Rica,Côte d'Ivoire,Croatia,Cyprus,Czech Republic,DRC Congo,Denmark,Djibouti,Dominica,Dominican Republic,Ecuador,Equatorial Guinea,El Salvador,Eritrea,Estonia,""Eswatini (fmr. """"Swaziland"""")"",Fiji,Finland,Ethiopia,France,Gambia,Gabon,Germany,Georgia,Ghana,Greece,Grenada,Guatemala,Cuba,Iceland,Ireland,Israel,Italy,Jamaica,Japan,Monaco,New Zealand,Netherlands,Philippines,Spain,Saudi Arabia,USA,UK,UAE,Norway,Switzerland,Singapore,Sweden,Hong Kong,Latvia,Lithuania",1. Idea or Patent
Sheesha Finance,https://www.sheeshafinance.io/,Vist website,"ALMAS-48-CV34 ALMAS Tower Plot, JLT-PH1-A0 Jumeirah Lakes Towers, Dubai, United Arab Emirates","Afghanistan,Albania,Algeria,Andorra,Angola,Antigua and Barbuda,Argentina,Armenia,Australia,Austria,Azerbaijan,Bahamas,Bahrain,Bangladesh,Barbados,Belarus,Belgium,Belize,Benin,Bhutan,Bolivia,Bosnia-H,Botswana,Brazil,Brunei,Bulgaria,Burkina Faso,Burundi,Cabo Verde,Cambodia,Cameroon,Canada,Central African Republic,Chad,Chile,China,Colombia,Comoros,Congo (Congo-Brazzaville),Costa Rica,Côte d'Ivoire,Croatia,Cuba,Cyprus,Czech Republic,DRC Congo,Denmark,Djibouti,Dominica,Dominican Republic,Ecuador,Egypt,El Salvador,Equatorial Guinea,Eritrea,Estonia,""Eswatini (fmr. """"Swaziland"""")"",Ethiopia,Fiji,Finland,France,Gabon,Gambia,Georgia,Germany,Ghana,Greece,Grenada,Guatemala,Guinea,Guinea-Bissau,Guyana,Haiti,Holy See,Honduras,Hong Kong,Hungary,Iceland,India,Indonesia,Iran,Iraq,Ireland,Israel,Italy,Jamaica,Japan,Jordan,Kazakhstan,Kenya,Kiribati,Kuwait,Kyrgyzstan,Laos,Latvia,Lebanon,Lesotho,Liberia,Liechtenstein,Lithuania,Luxembourg,Lybia,Madagascar,Malawi,Malaysia,Maldives,Mali,Malta,Marshall Islands,Mauritania,Mauritius,Mexico,Micronesia,Moldova,Monaco,Mongolia,Montenegro,Morocco,Mozambique,Myanmar,Namibia,Nauru,Nepal,Netherlands,New Zealand,Nicaragua,Niger,Nigeria,North Macedonia,Norway,Oman,Pakistan,Palau,Palestine,Panama,Papua New Guinea,Paraguay,Peru,Philippines,Poland,Portugal,Qatar,Romania,Russia,Rwanda,Saint Vincent and the Grenadines,Samoa,San Marino,Sant Kitts and Nevis,Sant Lucia,Sao Tome and Principe,Saudi Arabia,Senegal,Serbia,Seychelles,Sierra Leone,Singapore,Slovakia,Slovenia,Solomon Islands,Somalia,South Africa,South Korea,South Sudan,Spain,Sri Lanka,Sudan,Suriname,Sweden,Switzerland,Syria,Taiwan,Tajikistan,Tanzania,Thailand,Timor-Leste,Togo,Tonga,Trinidad and Tobago,Tunisia,Turkey,Turkmenistan,Tuvalu,UAE,Uganda,UK,Ukraine,Uruguay,USA,Uzbekistan,Vanuatu,Venezuela,Vietnam,Zambia,Zimbabwe","1. Idea or Patent,2. Prototype,3. Early Revenue,4. Scaling,5. Growth"
MARC Group,http://www.marc-group.com/,Vist website,"Limestone House, Dubai, UAE ","Afghanistan,Albania,Algeria,Andorra,Antigua and Barbuda,Angola,Argentina,Armenia,Australia,Austria,Azerbaijan,Bahamas,Bahrain,Bangladesh,Barbados,Belarus,Belgium,Belize,Benin,Bhutan,Bolivia,Bosnia-H,Botswana,Brazil,Brunei,Bulgaria,Burkina Faso,Burundi,Cabo Verde,Cambodia,Cameroon,Canada,Central African Republic,Chad,Chile,China,Colombia,Comoros,Congo (Congo-Brazzaville),Costa Rica,Côte d'Ivoire,Croatia,Cuba,Cyprus,Czech Republic,DRC Congo,Denmark,Djibouti,Dominica,Ecuador,Dominican Republic,Egypt,El Salvador,Equatorial Guinea,Eritrea,Estonia,""Eswatini (fmr. """"Swaziland"""")"",Ethiopia,Fiji,Finland,France,Gabon,Gambia,Georgia,Germany,Ghana,Greece,Grenada,Guatemala,Guinea,Guinea-Bissau,Guyana,Haiti,Holy See,Honduras,Hong Kong,Hungary,Iceland,India,Indonesia,Iran,Iraq,Ireland,Israel,Italy,Jamaica,Japan,Jordan,Kazakhstan,Kenya,Kiribati,Kuwait,Kyrgyzstan,Laos,Latvia,Lebanon,Lesotho,Liberia,Liechtenstein,Lithuania,Luxembourg,Lybia,Madagascar,Malawi,Malaysia,Maldives,Mali,Malta,Marshall Islands,Mauritania,Mauritius,Mexico,Micronesia,Moldova,Monaco,Mongolia,Montenegro,Morocco,Mozambique,Myanmar,Nauru,Namibia,Nepal,Netherlands,New Zealand,Nicaragua,Niger,Nigeria,North Korea,North Macedonia,Norway,Pakistan,Oman,Palestine,Palau,Panama,Papua New Guinea,Paraguay,Peru,Philippines,Poland,Portugal,Qatar,Romania,Russia,Rwanda,Saint Vincent and the Grenadines,Samoa,San Marino,Sant Kitts and Nevis,Sant Lucia,Sao Tome and Principe,Saudi Arabia,Senegal,Serbia,Seychelles,Sierra Leone,Singapore,Slovakia,Slovenia,Solomon Islands,Somalia,South Africa,South Korea,South Sudan,Spain,Sri Lanka,Sudan,Suriname,Sweden,Switzerland,Syria,Tajikistan,Taiwan,Tanzania,Thailand,Timor-Leste,Togo,Tonga,Trinidad and Tobago,Tunisia,Turkey,Turkmenistan,Tuvalu,UAE,Uganda,UK,Ukraine,Uruguay,USA,Uzbekistan,Vanuatu,Venezuela,Vietnam,Yemen,Zambia,Zimbabwe","2. Prototype,3. Early Revenue,4. Scaling"
Shorooq Partners,https://www.shorooq.com/,Vist website,"14th Floor, Al Khatem Tower, ADGM Square  Al Falah Street Abu Dhabi, UAE","UAE,Saudi Arabia,Bahrain,Jordan,Egypt,Tunisia,Morocco,Pakistan,Bangladesh","1. Idea or Patent,2. Prototype,3. Early Revenue,4. Scaling"
Randev Ventures (Family Office),https://www.randevventures.com,Vist website,"Dubai, United Arab Emirates","India,UAE,Singapore,USA,Canada","2. Prototype,1. Idea or Patent,3. Early Revenue,4. Scaling"
First Stage Labs,https://fslabs.io/,Vist website,"Boulevard Plaza, Dubai, UAE","UAE,India,Indonesia,Portugal,Brazil,USA,UK,Armenia,Georgia,France,Latvia,Lithuania,Cyprus","2. Prototype,3. Early Revenue,1. Idea or Patent"
Ritesh Lalwani,https://www.ekosystem.company,Vist website,UAE,"India,UAE","3. Early Revenue,4. Scaling"
Global Millennial Capital,https://globalmillennialcapital.com/,Vist website,"Ascott Hotel Park Place Office Tower, 605 Dubai United Arab Emirates",USA,"2. Prototype,3. Early Revenue,4. Scaling"
Crypto Kingdom Ventures,https://cryptokingdom.ventures/,Vist website,55 Doha Road - Al Qusais 1 - Dubai - UAE,"India,Seychelles,Indonesia,UAE",3. Early Revenue
Vit Mzokov,https://letsrock.vc,Vist website,UAE,"Argentina,Brazil,USA,Kazakhstan,Kyrgyzstan,Uzbekistan,Austria,Belarus,Germany,Luxembourg,Portugal,Russia,Spain,UK,Ukraine,Saudi Arabia,Turkey,UAE","2. Prototype,3. Early Revenue,4. Scaling,5. Growth"
sandstorm.vc,https://sandstorm.vc/,Vist website,"Burj Khalifa Boulevard, Dubai, UAE","Australia,Austria,Bahrain,Belgium,Bosnia-H,Brazil,Bulgaria,Canada,Colombia,Croatia,Egypt,UAE,Saudi Arabia,Germany,Switzerland,Sweden,Portugal,Poland,Thailand,Netherlands,Denmark,Greece,Israel,Italy,Mexico,Ireland,Slovenia,New Zealand,Serbia,Montenegro,Slovakia,Czech Republic,Kenya,South Africa,South Korea,Singapore,Ukraine,UK,USA,Morocco,Finland,France,Jordan,Lebanon,Kuwait,Oman,Lithuania,Liechtenstein,Djibouti,Angola,Antigua and Barbuda,Argentina,Armenia,Azerbaijan,Bahamas,Bangladesh,Andorra,Barbados,Belize,Benin,Bhutan,Bolivia,Botswana,Burkina Faso,Brunei,Burundi,Cabo Verde,Cambodia,Albania,Cameroon,Belarus,China,Comoros,Congo (Congo-Brazzaville),Costa Rica,Côte d'Ivoire,Cuba,Cyprus,DRC Congo,Chile,Dominican Republic,Ecuador,El Salvador,Equatorial Guinea,Dominica,Eritrea,Estonia,""Eswatini (fmr. """"Swaziland"""")"",Fiji,Gabon,Gambia,Ethiopia,Chad,Central African Republic,Ghana,Grenada,Guinea,Guinea-Bissau,Haiti,Holy See,Honduras,Hong Kong,Hungary,Iceland,India,Indonesia,Iraq,Algeria,Guyana,Guatemala,Georgia,Kazakhstan,Kiribati,Kyrgyzstan,Latvia,Lesotho,Laos,Luxembourg,Lybia,Madagascar,Malawi,Malaysia,Liberia,Maldives,Mali,Marshall Islands,Mauritania,Mauritius,Micronesia,Malta,Japan,Monaco,Mozambique,Mongolia,Namibia,Jamaica,Moldova,Nepal,Nicaragua,Nigeria,Niger,Nauru,North Macedonia,Norway,Pakistan,Palestine,Panama,Papua New Guinea,Paraguay,Palau,Philippines,Qatar,Romania,Peru,Rwanda,Saint Vincent and the Grenadines,Samoa,San Marino,Sant Kitts and Nevis,Sant Lucia,Sao Tome and Principe,Senegal,Seychelles,Sierra Leone,Solomon Islands,Somalia,Spain,Sri Lanka,Suriname,Trinidad and Tobago,Zambia,Turkey,Togo,Tuvalu,Tunisia,Vietnam,Tajikistan,Tanzania,Uganda,Uruguay,Uzbekistan,Zimbabwe,Venezuela,Tonga,Timor-Leste,Taiwan","2. Prototype,3. Early Revenue,1. Idea or Patent"
1 4 All Group,https://1-4-all.group/,Vist website,"Building 2, Dubai Silicon Oasis, Dubai, UAE","DRC Congo,Ethiopia,Kenya,South Africa,Brazil,Chile,Mexico,USA,China,Hong Kong,India,Indonesia,Japan,Kazakhstan,Malaysia,South Korea,Thailand,France,Germany,Italy,Poland,Romania,Spain,UK,Egypt,Saudi Arabia,Turkey,UAE","3. Early Revenue,4. Scaling,5. Growth"
Eureeca Ltd,https://www.eureeca.com/,Vist website,"Dubai, UAE","UK,UAE","5. Growth,4. Scaling,6. Pre-IPO"
Homegrown CPG,https://homegrowncpg.com/,Vist website,"Dubai, United Arab Emirates","UAE,Saudi Arabia,India,Tunisia,Morocco,Qatar,Oman,Bahrain","3. Early Revenue,4. Scaling"
yard[hub],https://yardhub.tech/,Vist website,"DIFC, innovation hub, Dubai, UAE","Angola,Benin,Botswana,Burkina Faso,Burundi,Cabo Verde,Cameroon,Central African Republic,Chad,Comoros,Congo (Congo-Brazzaville),DRC Congo,Côte d'Ivoire,Equatorial Guinea,Eritrea,Ethiopia,Gabon,Gambia,Ghana,Guinea,Guinea-Bissau,Kenya,Lesotho,Liberia,Madagascar,Malawi,Mali,Mauritius,Mozambique,Namibia,Niger,Nigeria,Rwanda,Sao Tome and Principe,Senegal,Seychelles,Sierra Leone,Somalia,South Africa,Tanzania,Togo,Uganda,Zambia,Zimbabwe,Antigua and Barbuda,Argentina,Bahamas,Barbados,Belize,Bolivia,Brazil,Canada,Chile,Colombia,Costa Rica,Cuba,Dominica,Dominican Republic,Ecuador,El Salvador,Grenada,Guatemala,Guyana,Haiti,Honduras,Jamaica,Mexico,Nicaragua,Panama,Paraguay,Peru,Sant Kitts and Nevis,Sant Lucia,Saint Vincent and the Grenadines,Suriname,Trinidad and Tobago,USA,Uruguay,Venezuela,Afghanistan,Azerbaijan,Bangladesh,Bhutan,Cambodia,China,Hong Kong,India,Indonesia,Japan,Kazakhstan,Kyrgyzstan,Laos,Malaysia,Maldives,Mongolia,Myanmar,Nepal,Pakistan,Philippines,Singapore,South Korea,Sri Lanka,Taiwan,Tajikistan,Thailand,Timor-Leste,Turkmenistan,Uzbekistan,Vietnam,Albania,Andorra,Armenia,Austria,Belarus,Belgium,Bosnia-H,Bulgaria,Croatia,Cyprus,Czech Republic,Denmark,Estonia,Finland,France,Georgia,Germany,Greece,Holy See,Hungary,Iceland,Ireland,Italy,Latvia,Liechtenstein,Lithuania,Luxembourg,Malta,Moldova,Monaco,Montenegro,Netherlands,North Macedonia,Norway,Poland,Portugal,Romania,Russia,San Marino,Serbia,Slovakia,Slovenia,Spain,Sweden,Switzerland,UK,Ukraine,Algeria,Bahrain,Djibouti,Egypt,Iran,Iraq,Israel,Jordan,Kuwait,Lebanon,Lybia,Mauritania,Morocco,Oman,Palestine,Qatar,Saudi Arabia,Sudan,Syria,Tunisia,Turkey,UAE,Yemen,Australia,Fiji,Kiribati,Marshall Islands,Micronesia,New Zealand,Palau,Papua New Guinea,Samoa,Solomon Islands,Tonga,Tuvalu,Vanuatu","1. Idea or Patent,2. Prototype,3. Early Revenue,4. Scaling"
Truleum Venture Partners Limited,https://truleumventures.com,Vist website,"DIFC, Dubai, United Arab Emirates","UAE,Saudi Arabia,Oman,Kuwait","1. Idea or Patent,2. Prototype,3. Early Revenue"
Select Venture Equity,https://selectvc.com/,Vist website,"Dubai, United Arab Emirates","Saudi Arabia,UAE,Kuwait,Qatar,Bahrain,Singapore,Philippines,Malaysia,Egypt","3. Early Revenue,2. Prototype,4. Scaling,1. Idea or Patent"
Khaled Bartawi,,Vist website,"Dubai, UAE",USA,3. Early Revenue
Phoenix Venture Partners Ltd.,https://pvp-me.com/,Vist website,"Al Maryah Island, ADGM square, Al Maqam Tower, 34th floor, Office 3415, Abu Dhabi, UAE","Kuwait,Saudi Arabia,UAE,Bahrain,Oman,Lebanon,Jordan,Egypt,Algeria,Morocco,USA,Canada,Argentina,Australia,Brazil,China,France,Germany,India,Indonesia,Italy,Japan,South Korea,Mexico,South Africa,Turkey,UK","3. Early Revenue,4. Scaling,5. Growth"
Kassam Investments LLC,,Vist website,"Office 105C, Burj Daman, DIFC, Dubai, UAE","UK,USA","4. Scaling,5. Growth,6. Pre-IPO,3. Early Revenue"
Jonathan Janik,,Vist website,"Dubai, UAE",USA,"1. Idea or Patent,2. Prototype,3. Early Revenue,4. Scaling,5. Growth,6. Pre-IPO"
Mehmet Gonullu,,Vist website,"Dubai, UAE","Kenya,South Africa,Tanzania,Bahrain,Djibouti,Egypt,Iraq,Jordan,Kuwait,Lebanon,Morocco,Oman,Palestine,Qatar,Saudi Arabia,Tunisia,Turkey,UAE","1. Idea or Patent,2. Prototype,3. Early Revenue"
10K Ventures,https://www.10kventures.co/,Vist website,"Berlin, Germany","Kenya,Nigeria,Brazil,Colombia,Mexico,India,Indonesia,Philippines,Singapore,Vietnam,France,Germany,Spain,UK,Egypt,Israel,UAE","3. Early Revenue,2. Prototype,1. Idea or Patent"
212 VC,https://212.vc/,Vist website,"Uvez Sokak, No:5, Arnavutkoy, Besiktas, Istanbul 34345, TR","Turkey,Romania,Albania,Azerbaijan,Bosnia-H,Bulgaria,Czech Republic,Lithuania,Serbia,Uzbekistan,UAE,Ukraine,Turkmenistan,Poland,Qatar,Hungary",3. Early Revenue
CE Ventures,https://www.crescententerprises.com/ce-ventures/,Vist website,"Crescent House, P.O Box 2222, Corniche Al Buhaira, Sharjah, AE","UAE,USA,India,Indonesia,Singapore,Saudi Arabia,Egypt","3. Early Revenue,4. Scaling,5. Growth"
Convrtx,https://www.convrtx.com/,Vist website,"Toronto, Ontario M4B 1B3, CA","USA,Mexico,India,Pakistan,Colombia,Brazil,Afghanistan,Albania,Algeria,Angola,Andorra,Antigua and Barbuda,Armenia,Argentina,Australia,Austria,Azerbaijan,Bahamas,Bahrain,Barbados,Bangladesh,Belarus,Belgium,Belize,Benin,Bhutan,Bolivia,Bosnia-H,Botswana,Brunei,Bulgaria,Burkina Faso,Burundi,Cabo Verde,Cambodia,Cameroon,Canada,Central African Republic,Chad,Chile,China,Comoros,Congo (Congo-Brazzaville),Costa Rica,Côte d'Ivoire,Croatia,Cuba,Cyprus,Czech Republic,DRC Congo,Denmark,Djibouti,Dominica,Dominican Republic,Ecuador,Egypt,El Salvador,Equatorial Guinea,Eritrea,Estonia,""Eswatini (fmr. """"Swaziland"""")"",Ethiopia,Fiji,Finland,France,Gabon,Gambia,Georgia,Germany,Ghana,Greece,Grenada,Guatemala,Guinea,Guinea-Bissau,Guyana,Haiti,Holy See,Honduras,Hong Kong,Hungary,Iceland,Indonesia,Iran,Iraq,Ireland,Israel,Italy,Jamaica,Japan,Jordan,Kazakhstan,Kenya,Kiribati,Kuwait,Kyrgyzstan,Laos,Latvia,Lebanon,Lesotho,Liberia,Liechtenstein,Lithuania,Luxembourg,Lybia,Madagascar,Malawi,Malaysia,Maldives,Mali,Malta,Marshall Islands,Mauritania,Mauritius,Micronesia,Moldova,Monaco,Mongolia,Montenegro,Morocco,Mozambique,Myanmar,Namibia,Nauru,Nepal,Netherlands,New Zealand,Nicaragua,Niger,Nigeria,North Korea,North Macedonia,Norway,Oman,Palau,Palestine,Panama,Papua New Guinea,Paraguay,Peru,Philippines,Poland,Portugal,Qatar,Romania,Russia,Rwanda,Saint Vincent and the Grenadines,Samoa,San Marino,Sant Kitts and Nevis,Sant Lucia,Sao Tome and Principe,Saudi Arabia,Senegal,Serbia,Seychelles,Sierra Leone,Singapore,Slovakia,Slovenia,Solomon Islands,Somalia,South Africa,South Korea,South Sudan,Spain,Sri Lanka,Sudan,Suriname,Sweden,Switzerland,Syria,Taiwan,Tajikistan,Tanzania,Thailand,Timor-Leste,Togo,Tonga,Trinidad and Tobago,Tunisia,Turkey,Turkmenistan,Tuvalu,Uganda,UK,Ukraine,UAE,Uruguay,Uzbekistan,Vanuatu,Venezuela,Vietnam,Yemen,Zambia,Zimbabwe","2. Prototype,3. Early Revenue"
Dale Ventures,http://dale.com/,Vist website,"Dubai, Dubai, United Arab Emirates",UAE,3. Early Revenue
First Check Ventures,https://www.firstcheckventures.com/,Vist website,Mexico,"USA,Mexico,India,Pakistan,Colombia,Brazil,Afghanistan,Albania,Algeria,Angola,Andorra,Antigua and Barbuda,Armenia,Argentina,Australia,Austria,Azerbaijan,Bahamas,Bahrain,Barbados,Bangladesh,Belarus,Belgium,Belize,Benin,Bhutan,Bolivia,Bosnia-H,Botswana,Brunei,Bulgaria,Burkina Faso,Burundi,Cabo Verde,Cambodia,Cameroon,Canada,Central African Republic,Chad,Chile,China,Comoros,Congo (Congo-Brazzaville),Costa Rica,Côte d'Ivoire,Croatia,Cuba,Cyprus,Czech Republic,DRC Congo,Denmark,Djibouti,Dominica,Dominican Republic,Ecuador,Egypt,El Salvador,Equatorial Guinea,Eritrea,Estonia,""Eswatini (fmr. """"Swaziland"""")"",Ethiopia,Fiji,Finland,France,Gabon,Gambia,Georgia,Germany,Ghana,Greece,Grenada,Guatemala,Guinea,Guinea-Bissau,Guyana,Haiti,Holy See,Honduras,Hong Kong,Hungary,Iceland,Indonesia,Iran,Iraq,Ireland,Israel,Italy,Jamaica,Japan,Jordan,Kazakhstan,Kenya,Kiribati,Kuwait,Kyrgyzstan,Laos,Latvia,Lebanon,Lesotho,Liberia,Liechtenstein,Lithuania,Luxembourg,Lybia,Madagascar,Malawi,Malaysia,Maldives,Mali,Malta,Marshall Islands,Mauritania,Mauritius,Micronesia,Moldova,Monaco,Mongolia,Montenegro,Morocco,Mozambique,Myanmar,Namibia,Nauru,Nepal,Netherlands,New Zealand,Nicaragua,Niger,Nigeria,North Korea,North Macedonia,Norway,Oman,Palau,Palestine,Panama,Papua New Guinea,Paraguay,Peru,Philippines,Poland,Portugal,Qatar,Romania,Russia,Rwanda,Saint Vincent and the Grenadines,Samoa,San Marino,Sant Kitts and Nevis,Sant Lucia,Sao Tome and Principe,Saudi Arabia,Senegal,Serbia,Seychelles,Sierra Leone,Singapore,Slovakia,Slovenia,Solomon Islands,Somalia,South Africa,South Korea,South Sudan,Spain,Sri Lanka,Sudan,Suriname,Sweden,Switzerland,Syria,Taiwan,Tajikistan,Tanzania,Thailand,Timor-Leste,Togo,Tonga,Trinidad and Tobago,Tunisia,Turkey,Turkmenistan,Tuvalu,Uganda,UK,Ukraine,UAE,Uruguay,Uzbekistan,Vanuatu,Venezuela,Vietnam,Yemen,Zambia,Zimbabwe",2. Prototype
GoAhead Ventures,https://www.goaheadvc.com/,Vist website,"535 Middlefield Ste 280 Road Menlo Park, CA 94025","USA,Japan,Israel,Singapore,India,Ukraine,Indonesia,UK,Germany,Sweden,Brazil,Hong Kong,China,UAE,Pakistan","1. Idea or Patent,2. Prototype,3. Early Revenue"
GPO Fund,https://www.gpofund.com/,Vist website,"420 Lexington Avenue, Suite 1402, New York, NY 10170 ","Brazil,Canada,Chile,Mexico,USA,Hong Kong,India,Indonesia,Japan,Philippines,Singapore,South Korea,Thailand,Austria,Belgium,Czech Republic,Denmark,Finland,France,Germany,Greece,Hungary,Iceland,Ireland,Italy,Luxembourg,Monaco,Netherlands,Norway,Portugal,Spain,Sweden,Switzerland,UK,Israel,Lebanon,Turkey,UAE,Australia,New Zealand","3. Early Revenue,4. Scaling"
GSV Ventures,https://gsv.ventures/,Vist website,"171 2nd St, San Francisco, California US","USA,India,Indonesia,Malaysia,Canada,Mexico,Brazil,South Africa,Egypt,Nigeria,Kenya,Argentina,Peru,Chile,UK,France,Germany,Spain,UAE,Jordan,Saudi Arabia",1. Idea or Patent
Hummingbird Ventures,https://www.hummingbird.vc/,Vist website,"London, United Kingdom","UK,India,Turkey,Belgium,Indonesia,Brazil,Mexico,Canada,USA,Netherlands,Nigeria,France,Singapore,Greece,UAE","1. Idea or Patent,2. Prototype,3. Early Revenue,4. Scaling,5. Growth"
IGC Fund,https://igcap.com/,Vist website,"Los Angeles, USA","USA,UAE,Canada","2. Prototype,3. Early Revenue,4. Scaling"
Mubadala Ventures,https://www.mubadala.com/en/what-we-do/capital/ventures,Vist website,"Abu Dhabi, Abu Dhabi, United Arab Emirates","USA,UAE","1. Idea or Patent,2. Prototype,3. Early Revenue,4. Scaling"
Outliers Venture Capital,https://www.outliers.vc/,Vist website,2443 Fillmore St #380-8875 San Francisco CA 94115 United States,"USA,Egypt,UAE,Saudi Arabia","2. Prototype,1. Idea or Patent,3. Early Revenue,4. Scaling"
Plug & Play Ventures,https://www.plugandplaytechcenter.com/ventures/,Vist website,"440 N. Wolfe Rd, Sunnyvale, CA 94085, US","Kenya,Nigeria,Brazil,Canada,Colombia,Mexico,USA,China,Hong Kong,India,Indonesia,Laos,Malaysia,Myanmar,Philippines,Singapore,South Korea,Taiwan,Thailand,Denmark,France,Germany,Ireland,Spain,Switzerland,Egypt,Israel,Morocco,UAE,Australia","2. Prototype,3. Early Revenue,1. Idea or Patent"
Spacecadet Ventures,https://spacecadet.ventures/,Vist website,USA,"USA,Canada,Mexico,Argentina,Colombia,India,UK,UAE,Germany,Australia,Brazil","3. Early Revenue,4. Scaling"
Teknasyon,https://teknasyon.com/en/investments/,Vist website,"Buyukdere Caddesi 245, Istanbul, Istanbul 34485, TR","Romania,Ukraine,Egypt,UAE,Bahrain,Estonia,Portugal,Turkey,Russia,Belarus,Poland,Czech Republic,Hungary","2. Prototype,3. Early Revenue,4. Scaling"
United Investors,https://unitedinvestors.ru/,Vist website,"Russia, Moscow","Afghanistan,Albania,Andorra,Algeria,Antigua and Barbuda,Argentina,Armenia,Angola,Australia,Austria,Azerbaijan,Bahamas,Bahrain,Bangladesh,Barbados,Belarus,Belgium,Belize,Benin,Bhutan,Bolivia,Bosnia-H,Botswana,Brazil,Brunei,Bulgaria,Burkina Faso,Burundi,Cabo Verde,Cambodia,Cameroon,Canada,Central African Republic,Chad,Chile,China,Colombia,Comoros,Congo (Congo-Brazzaville),Costa Rica,Côte d'Ivoire,Croatia,Cuba,Cyprus,Czech Republic,DRC Congo,Denmark,Djibouti,Dominica,Dominican Republic,Ecuador,Egypt,El Salvador,Equatorial Guinea,Eritrea,Estonia,""Eswatini (fmr. """"Swaziland"""")"",Ethiopia,Fiji,Finland,France,Gabon,Gambia,Georgia,Germany,Ghana,Greece,Grenada,Guatemala,Guinea,Guinea-Bissau,Guyana,Holy See,Haiti,Honduras,Hong Kong,Hungary,Iceland,India,Indonesia,Iran,Iraq,Ireland,Israel,Italy,Jamaica,Japan,Jordan,Kazakhstan,Kenya,Kiribati,Kuwait,Kyrgyzstan,Laos,Latvia,Lesotho,Lebanon,Liberia,Lithuania,Liechtenstein,Luxembourg,Lybia,Madagascar,Malawi,Malaysia,Maldives,Mali,Malta,Marshall Islands,Mauritania,Mauritius,Mexico,Moldova,Monaco,Micronesia,Mongolia,Montenegro,Morocco,Mozambique,Myanmar,Namibia,Nauru,Nepal,Netherlands,New Zealand,Nicaragua,Niger,Nigeria,North Korea,North Macedonia,Norway,Oman,Pakistan,Palau,Palestine,Panama,Papua New Guinea,Paraguay,Peru,Philippines,Poland,Portugal,Qatar,Romania,Russia,Rwanda,Saint Vincent and the Grenadines,Samoa,San Marino,Sant Kitts and Nevis,Sant Lucia,Sao Tome and Principe,Saudi Arabia,Senegal,Serbia,Seychelles,Sierra Leone,Singapore,Slovakia,Slovenia,Solomon Islands,Somalia,South Africa,South Korea,South Sudan,Spain,Sri Lanka,Sudan,Suriname,Sweden,Switzerland,Syria,Taiwan,Tajikistan,Tanzania,Thailand,Timor-Leste,Togo,Tonga,Trinidad and Tobago,Tunisia,Turkey,Turkmenistan,Tuvalu,Uganda,UK,Ukraine,UAE,Uruguay,USA,Uzbekistan,Vanuatu,Venezuela,Vietnam,Yemen,Zambia,Zimbabwe",3. Early Revenue
Unpopular Ventures,https://unpopular.vc/,Vist website,"90 Gold St, San Francisco, CA 94133, United States","Algeria,Australia,Vietnam,USA,Sweden,UK,Ukraine,Austria,Brazil,Belgium,Bangladesh,Canada,China,Afghanistan,Albania,Andorra,Angola,Antigua and Barbuda,Argentina,Armenia,Azerbaijan,Bahamas,Bahrain,Barbados,Belarus,Belize,Benin,Bhutan,Bolivia,Bosnia-H,Botswana,Brunei,Bulgaria,Burkina Faso,Burundi,Cabo Verde,Cambodia,Cameroon,Central African Republic,Chad,Chile,Colombia,Comoros,Congo (Congo-Brazzaville),Costa Rica,Côte d'Ivoire,Croatia,Cuba,Cyprus,Czech Republic,DRC Congo,Denmark,Djibouti,Dominica,Dominican Republic,Ecuador,Egypt,El Salvador,Equatorial Guinea,Eritrea,Estonia,""Eswatini (fmr. """"Swaziland"""")"",Ethiopia,Fiji,Finland,France,Gabon,Gambia,Georgia,Germany,Ghana,Greece,Grenada,Guatemala,Guinea,Guinea-Bissau,Guyana,Haiti,Holy See,Honduras,Hong Kong,Hungary,Iceland,India,Indonesia,Iran,Iraq,Ireland,Israel,Italy,Jamaica,Japan,Jordan,Kazakhstan,Kenya,Kiribati,Kuwait,Kyrgyzstan,Laos,Latvia,Lebanon,Lesotho,Liberia,Liechtenstein,Lithuania,Luxembourg,Lybia,Madagascar,Malawi,Malaysia,Maldives,Mali,Malta,Marshall Islands,Mauritania,Mauritius,Mexico,Micronesia,Moldova,Monaco,Mongolia,Montenegro,Morocco,Mozambique,Myanmar,Namibia,Nauru,Nepal,Netherlands,New Zealand,Nicaragua,Niger,Nigeria,North Macedonia,Norway,Oman,Pakistan,Palau,Palestine,Panama,Papua New Guinea,Paraguay,Peru,Philippines,Poland,Portugal,Qatar,Romania,Russia,Rwanda,Saint Vincent and the Grenadines,Samoa,San Marino,Sant Kitts and Nevis,Sant Lucia,Sao Tome and Principe,Saudi Arabia,Senegal,Serbia,Seychelles,Sierra Leone,Singapore,Slovakia,Slovenia,Solomon Islands,Somalia,South Africa,South Korea,South Sudan,Spain,Sri Lanka,Sudan,Suriname,Switzerland,Syria,Taiwan,Tajikistan,Tanzania,Thailand,Timor-Leste,Togo,Tonga,Trinidad and Tobago,Tunisia,Turkey,Turkmenistan,Tuvalu,Uganda,UAE,Uruguay,Uzbekistan,Vanuatu,Venezuela,Yemen,Zambia,Zimbabwe","2. Prototype,3. Early Revenue,4. Scaling,5. Growth"
Valia Ventures,https://www.valia.vc/,Vist website,"595 Pacific Avenue Jackson Square San Francisco, CA 94133","USA,UK,UAE,Canada,France,Nigeria,Kenya","2. Prototype,3. Early Revenue,1. Idea or Patent"
GPI Global Partners Investments,https://www.gpiuk.com/,Vist website,"E16 2DQ, London, UK","Algeria,Argentina,Australia,Austria,Bahamas,Bahrain,Bangladesh,Barbados,Belgium,Brazil,Bulgaria,Canada,Chile,China,Croatia,Cyprus,Denmark,Egypt,Estonia,Finland,Germany,Greece,Hong Kong,India,Ireland,Japan,Italy,Kuwait,Lebanon,Liechtenstein,Luxembourg,Mexico,Morocco,Netherlands,New Zealand,Norway,Oman,Pakistan,Palestine,Philippines,Portugal,Saudi Arabia,Singapore,South Korea,Spain,Sweden,Switzerland,Taiwan,Thailand,Trinidad and Tobago,Tunisia,Turkey,UK,Ukraine,UAE,USA,Vietnam","3. Early Revenue,4. Scaling,5. Growth"
Unrest,https://www.unrest.world,Vist website,"154 Clerkenwell Rd, London EC1R 5AB","Angola,Benin,Botswana,Burkina Faso,Burundi,Cabo Verde,Cameroon,Central African Republic,Chad,Comoros,Congo (Congo-Brazzaville),DRC Congo,Côte d'Ivoire,Equatorial Guinea,Eritrea,Ethiopia,Gabon,Gambia,Ghana,Guinea,Guinea-Bissau,Kenya,Lesotho,Liberia,Madagascar,Malawi,Mali,Mauritius,Mozambique,Namibia,Niger,Nigeria,Rwanda,Sao Tome and Principe,Senegal,Seychelles,Sierra Leone,Somalia,South Africa,Tanzania,Togo,Uganda,Zambia,Zimbabwe,Antigua and Barbuda,Argentina,Bahamas,Barbados,Belize,Bolivia,Brazil,Canada,Chile,Colombia,Costa Rica,Cuba,Dominica,Dominican Republic,Ecuador,El Salvador,Grenada,Guatemala,Guyana,Haiti,Honduras,Jamaica,Mexico,Nicaragua,Panama,Paraguay,Peru,Sant Kitts and Nevis,Sant Lucia,Saint Vincent and the Grenadines,Suriname,Trinidad and Tobago,USA,Uruguay,Venezuela,Afghanistan,Azerbaijan,Bangladesh,Bhutan,Cambodia,China,Hong Kong,India,Indonesia,Japan,Kazakhstan,Kyrgyzstan,Laos,Malaysia,Maldives,Mongolia,Myanmar,Nepal,Pakistan,Philippines,Singapore,South Korea,Sri Lanka,Taiwan,Tajikistan,Thailand,Timor-Leste,Turkmenistan,Uzbekistan,Vietnam,Albania,Andorra,Armenia,Austria,Belarus,Belgium,Bosnia-H,Bulgaria,Croatia,Cyprus,Czech Republic,Denmark,Estonia,Finland,France,Georgia,Germany,Greece,Holy See,Hungary,Iceland,Ireland,Italy,Latvia,Liechtenstein,Lithuania,Luxembourg,Malta,Moldova,Monaco,Montenegro,Netherlands,North Macedonia,Norway,Poland,Portugal,Romania,Russia,San Marino,Serbia,Slovakia,Slovenia,Spain,Sweden,Switzerland,UK,Ukraine,Algeria,Bahrain,Djibouti,Egypt,Iran,Iraq,Israel,Jordan,Kuwait,Lebanon,Lybia,Mauritania,Morocco,Oman,Palestine,Qatar,Saudi Arabia,Sudan,Syria,Tunisia,Turkey,UAE,Yemen,Australia,Fiji,Kiribati,Marshall Islands,Micronesia,New Zealand,Palau,Papua New Guinea,Samoa,Solomon Islands,Tonga,Tuvalu,Vanuatu","5. Growth,4. Scaling,6. Pre-IPO"
Accion Venture Lab,https://www.accion.org/how-we-work/invest/accion-venture-lab,Vist website,"1101 15th St., NW, Suite 400, Washington, D.C., 20005, US","Argentina,Brazil,USA,UAE,UK,Poland,Colombia,Chile,Egypt,India,Indonesia,Kenya,Mexico,Nigeria,Pakistan,Peru,South Africa,Philippines","3. Early Revenue,4. Scaling"
Remote First Capital,https://www.remotefirstcapital.com/,Vist website,"San Francisco, USA","Afghanistan,Albania,Algeria,Andorra,Angola,Bahamas,Bahrain,Bangladesh,Barbados,Belarus,Azerbaijan,Belize,Benin,Bhutan,Bolivia,Bosnia-H,Botswana,Brazil,Brunei,Belgium,Bulgaria,Burundi,Cabo Verde,Cambodia,Burkina Faso,Cameroon,Canada,Central African Republic,Chad,China,Chile,Comoros,Congo (Congo-Brazzaville),Colombia,Costa Rica,Croatia,Cuba,Côte d'Ivoire,Cyprus,DRC Congo,Denmark,Djibouti,Dominica,Dominican Republic,Ecuador,Egypt,El Salvador,Equatorial Guinea,Eritrea,Estonia,""Eswatini (fmr. """"Swaziland"""")"",Ethiopia,Fiji,Finland,France,Gabon,Gambia,Georgia,Germany,Ghana,Greece,Grenada,Guatemala,Guinea,Guinea-Bissau,Guyana,Czech Republic,Holy See,Antigua and Barbuda,Argentina,Hungary,Hong Kong,Iceland,Indonesia,India,Iraq,Iran,Ireland,Italy,Israel,Jamaica,Jordan,Kazakhstan,Kenya,Japan,Kiribati,Kuwait,Kyrgyzstan,Laos,Latvia,Lesotho,Liberia,Liechtenstein,Lithuania,Lebanon,Luxembourg,Lybia,Madagascar,Malawi,Malaysia,Maldives,Malta,Mali,Marshall Islands,Mauritius,Mauritania,Mexico,Micronesia,Moldova,Mongolia,Montenegro,Morocco,Mozambique,Myanmar,Namibia,Nauru,Nepal,Monaco,New Zealand,Netherlands,Nicaragua,Niger,Nigeria,North Korea,Norway,Oman,Pakistan,Palau,North Macedonia,Palestine,Panama,Paraguay,Peru,Philippines,Papua New Guinea,Poland,Qatar,Romania,Russia,Rwanda,Portugal,Samoa,Saint Vincent and the Grenadines,San Marino,Sant Lucia,Sant Kitts and Nevis,Sao Tome and Principe,Saudi Arabia,Senegal,Serbia,Seychelles,Singapore,Sierra Leone,Slovenia,Slovakia,Somalia,Solomon Islands,South Africa,South Korea,South Sudan,Spain,Sri Lanka,Suriname,Sudan,Sweden,Switzerland,Syria,Tajikistan,Tanzania,Thailand,Timor-Leste,Taiwan,Togo,Tonga,Tunisia,Trinidad and Tobago,Turkey,Tuvalu,Turkmenistan,Uganda,UK,UAE,Ukraine,Uruguay,USA,Uzbekistan,Vanuatu,Vietnam,Venezuela,Yemen,Zambia,Zimbabwe,Armenia,Australia,Austria,Honduras,Haiti","1. Idea or Patent,2. Prototype,3. Early Revenue,4. Scaling"
Verso Capital,https://www.versocapital.co/,Vist website,"28 Boulevard Royal, L 2449 Luxembourg","USA,UK,Canada,Luxembourg,Liechtenstein,Monaco,Switzerland,Singapore,Hong Kong,France,UAE,Saudi Arabia","1. Idea or Patent,2. Prototype,3. Early Revenue"
Startup-O,https://www.startup-o.com/,Vist website,"01-05, SULTAN LINK, 57, MOHAMED SULTAN ROAD,, SINGAPORE, Singapore 238997, SG","Australia,Canada,India,Malaysia,Singapore,Vietnam,Thailand,USA,UK,UAE,Philippines,New Zealand,Luxembourg,Indonesia","3. Early Revenue,2. Prototype,4. Scaling,1. Idea or Patent"
A/O PropTech,https://www.aoproptech.com/,Vist website,"Floor 1, 32 Wigmore Street, London, W1U 2RP","Canada,USA,Belgium,Denmark,Estonia,Finland,France,Germany,Greece,Hungary,Iceland,Italy,Latvia,Lithuania,Luxembourg,Malta,Netherlands,Norway,Poland,Portugal,Spain,Sweden,Switzerland,UK,Israel,UAE",3. Early Revenue
Deutsche Telekom Hubraum Fund,http://www.hubraum.com/investment,Vist website,"Winterfeldtstr. 21, 10781 Berlin, Germany","Austria,Australia,Belgium,Bosnia-H,Brazil,Canada,Albania,Andorra,Argentina,Armenia,Azerbaijan,Bulgaria,China,Costa Rica,Croatia,Cuba,Cyprus,Czech Republic,Denmark,Estonia,Finland,France,Georgia,Germany,Greece,Hong Kong,Hungary,Iceland,India,Indonesia,Ireland,Israel,Italy,Japan,Kazakhstan,Kyrgyzstan,Latvia,Liechtenstein,Lithuania,Luxembourg,Malaysia,Malta,Mexico,Moldova,Monaco,Montenegro,Netherlands,New Zealand,Norway,Poland,Portugal,Romania,Russia,San Marino,Serbia,Singapore,Slovakia,Slovenia,South Africa,South Korea,Spain,Sweden,Switzerland,Taiwan,Turkey,UK,Ukraine,UAE,USA","3. Early Revenue,4. Scaling,5. Growth"
Precursor Ventures,https://precursorvc.com/,Vist website,"665 3rd Street, #150, San Francisco, CA US","USA,Mexico,Nigeria,Kenya,Canada,UAE","4. Scaling,5. Growth,6. Pre-IPO,3. Early Revenue"
Village Global,https://www.villageglobal.vc/,Vist website,"San Francisco, CA","Nigeria,South Africa,Argentina,Brazil,Canada,Chile,Colombia,Mexico,Peru,USA,India,Indonesia,Japan,Pakistan,Singapore,Thailand,France,Germany,Italy,Netherlands,Norway,Portugal,Spain,Sweden,UK,Ukraine,Israel,Turkey,UAE","1. Idea or Patent,2. Prototype,3. Early Revenue,4. Scaling,5. Growth,6. Pre-IPO"
Maniv Mobility,https://www.maniv.com/,Vist website,"Derech Menachem Begin 144, Tel Aviv-Yafo","Brazil,Canada,Mexico,USA,Belgium,France,Germany,Italy,Netherlands,Portugal,Spain,UK,Israel,UAE,Australia","1. Idea or Patent,2. Prototype,3. Early Revenue"
Houghton Street Ventures,https://houghtonstreet.com,Vist website,"LSE Library, 10 Portugal St, Holborn, London WC2A 2HD, United Kingdom","UK,USA,India,Germany,France,Brazil,Mexico,Canada,Colombia,Singapore,Hong Kong,Morocco,Egypt,Spain,Portugal,China,Austria,Australia,Indonesia,Ireland,Italy,Israel,Malaysia,Norway,Netherlands,Sweden,UAE,Turkey,Switzerland","3. Early Revenue,2. Prototype,1. Idea or Patent"
E²JDJ,https://www.e2jdj.com,Vist website,"New Orleans, LA, USA","USA,UAE,China,Singapore,Japan,Germany,UK,Spain,Israel,Netherlands,Australia,Brazil,Canada,France,Italy,Mexico",3. Early Revenue
Foundamental,https://foundamental.com/,Vist website,"Budapester str 5, 10787, Berlin","Canada,USA,India,Indonesia,Philippines,Singapore,Vietnam,Austria,Belgium,Czech Republic,Denmark,Finland,France,Germany,Italy,Latvia,Luxembourg,Norway,Poland,Portugal,Spain,UK,Egypt,Israel,UAE,Australia","3. Early Revenue,4. Scaling,5. Growth"
ReGen Ventures,https://regen.vc/,Vist website,"Byron Bay, NSW, Australia","Afghanistan,Albania,Algeria,Andorra,Antigua and Barbuda,Angola,Argentina,Armenia,Australia,Austria,Azerbaijan,Bahamas,Bahrain,Bangladesh,Barbados,Belarus,Belgium,Belize,Benin,Bhutan,Bolivia,Bosnia-H,Botswana,Brazil,Brunei,Bulgaria,Burkina Faso,Burundi,Cabo Verde,Cambodia,Cameroon,Canada,Central African Republic,Chad,Chile,China,Colombia,Comoros,Congo (Congo-Brazzaville),Costa Rica,Côte d'Ivoire,Croatia,Cuba,Cyprus,Czech Republic,DRC Congo,Denmark,Djibouti,Dominica,Ecuador,Dominican Republic,Egypt,El Salvador,Equatorial Guinea,Eritrea,Estonia,""Eswatini (fmr. """"Swaziland"""")"",Ethiopia,Fiji,Finland,France,Gabon,Gambia,Georgia,Germany,Ghana,Greece,Grenada,Guatemala,Guinea,Guinea-Bissau,Guyana,Haiti,Holy See,Honduras,Hong Kong,Hungary,Iceland,India,Indonesia,Iran,Iraq,Ireland,Israel,Italy,Jamaica,Japan,Jordan,Kazakhstan,Kenya,Kiribati,Kuwait,Kyrgyzstan,Laos,Latvia,Lebanon,Lesotho,Liberia,Liechtenstein,Lithuania,Luxembourg,Lybia,Madagascar,Malawi,Malaysia,Maldives,Mali,Malta,Marshall Islands,Mauritania,Mauritius,Mexico,Micronesia,Moldova,Monaco,Mongolia,Montenegro,Morocco,Mozambique,Myanmar,Nauru,Namibia,Nepal,Netherlands,New Zealand,Nicaragua,Niger,Nigeria,North Korea,North Macedonia,Norway,Pakistan,Oman,Palestine,Palau,Panama,Papua New Guinea,Paraguay,Peru,Philippines,Poland,Portugal,Qatar,Romania,Russia,Rwanda,Saint Vincent and the Grenadines,Samoa,San Marino,Sant Kitts and Nevis,Sant Lucia,Sao Tome and Principe,Saudi Arabia,Senegal,Serbia,Seychelles,Sierra Leone,Singapore,Slovakia,Slovenia,Solomon Islands,Somalia,South Africa,South Korea,South Sudan,Spain,Sri Lanka,Sudan,Suriname,Sweden,Switzerland,Syria,Tajikistan,Taiwan,Tanzania,Thailand,Timor-Leste,Togo,Tonga,Trinidad and Tobago,Tunisia,Turkey,Turkmenistan,Tuvalu,UAE,Uganda,UK,Ukraine,Uruguay,USA,Uzbekistan,Vanuatu,Venezuela,Vietnam,Yemen,Zambia,Zimbabwe","2. Prototype,3. Early Revenue"
Super Capital VC,https://www.supercapital.vc/,Vist website,Paris,"Angola,Botswana,Cameroon,Central African Republic,Congo (Congo-Brazzaville),DRC Congo,Côte d'Ivoire,Kenya,Nigeria,Senegal,South Africa,Tanzania,Argentina,Bolivia,Brazil,Canada,Chile,Colombia,Mexico,Paraguay,Peru,USA,Uruguay,Hong Kong,India,Indonesia,Japan,Singapore,South Korea,Thailand,Austria,Belgium,Denmark,Finland,France,Germany,Ireland,Italy,Luxembourg,Malta,Monaco,Netherlands,Norway,Poland,Portugal,Romania,Spain,Sweden,Switzerland,UK,Algeria,Israel,Morocco,Tunisia,Turkey,UAE,Australia,Fiji,New Zealand",3. Early Revenue
Verso X,https://www.versoholdings.com/versox,Vist website,British Virgin Islands,"Armenia,Australia,Argentina,Bahrain,Bahamas,Belgium,Brazil,Canada,China,Colombia,Côte d'Ivoire,Cyprus,Germany,Denmark,Egypt,Greece,France,Hong Kong,Finland,India,Iceland,Israel,Luxembourg,Indonesia,Italy,Kuwait,Iran,Lebanon,Qatar,Malaysia,Kazakhstan,Japan,Kyrgyzstan,Monaco,Saudi Arabia,Vietnam,USA,UK,Ukraine,UAE,Turkey,Angola,Thailand,Syria,Switzerland,Sweden,South Africa,South Korea,Taiwan,Singapore,Russia,Portugal,Liechtenstein,Oman,Mexico",2. Prototype
Systema VC,https://systema.vc,Vist website,London,"Angola,Benin,Botswana,Burkina Faso,Burundi,Cabo Verde,Cameroon,Central African Republic,Chad,Comoros,Congo (Congo-Brazzaville),DRC Congo,Côte d'Ivoire,Equatorial Guinea,Eritrea,Ethiopia,Gabon,Gambia,Ghana,Guinea,Guinea-Bissau,Kenya,Lesotho,Liberia,Madagascar,Malawi,Mali,Mauritius,Mozambique,Namibia,Niger,Nigeria,Rwanda,Sao Tome and Principe,Senegal,Seychelles,Sierra Leone,Somalia,South Africa,Tanzania,Togo,Uganda,Zambia,Zimbabwe,Antigua and Barbuda,Argentina,Bahamas,Barbados,Belize,Bolivia,Brazil,Canada,Chile,Colombia,Costa Rica,Cuba,Dominica,Dominican Republic,Ecuador,El Salvador,Grenada,Guatemala,Guyana,Haiti,Honduras,Jamaica,Mexico,Nicaragua,Panama,Paraguay,Peru,Sant Kitts and Nevis,Sant Lucia,Saint Vincent and the Grenadines,Suriname,Trinidad and Tobago,Uruguay,Venezuela,Afghanistan,Azerbaijan,Bangladesh,Bhutan,Cambodia,Hong Kong,India,Indonesia,Japan,Kazakhstan,Kyrgyzstan,Laos,Malaysia,Maldives,Mongolia,Myanmar,Nepal,Pakistan,Philippines,Singapore,South Korea,Sri Lanka,Taiwan,Tajikistan,Thailand,Timor-Leste,Turkmenistan,Uzbekistan,Vietnam,Albania,Andorra,Austria,Belarus,Belgium,Bosnia-H,Bulgaria,Croatia,Cyprus,Czech Republic,Denmark,Estonia,Finland,France,Georgia,Germany,Greece,Holy See,Hungary,Iceland,Ireland,Italy,Latvia,Liechtenstein,Lithuania,Luxembourg,Malta,Moldova,Monaco,Montenegro,Netherlands,North Macedonia,Norway,Poland,Portugal,Romania,Russia,San Marino,Serbia,Slovakia,Slovenia,Spain,Sweden,Switzerland,UK,Ukraine,Algeria,Bahrain,Djibouti,Egypt,Iran,Iraq,Israel,Jordan,Kuwait,Lebanon,Lybia,Mauritania,Morocco,Oman,Palestine,Qatar,Saudi Arabia,Sudan,Syria,Tunisia,Turkey,UAE,Yemen,Australia,Fiji,Kiribati,Marshall Islands,Micronesia,New Zealand,Palau,Papua New Guinea,Samoa,Solomon Islands,Tonga,Tuvalu,Vanuatu","1. Idea or Patent,2. Prototype,3. Early Revenue"
VentureFriends,https://venturefriends.vc/,Vist website,"Athens, Greece 15125, GR","Germany,Spain,Italy,Poland,Greece,UK,Finland,Portugal,France,Sweden,Norway,UAE,Saudi Arabia,Egypt,Mexico,Brazil,Colombia,Peru,Chile,Belgium,Austria,Netherlands,Ukraine,Bulgaria,Romania,Czech Republic,Switzerland","3. Early Revenue,4. Scaling"
TA Ventures,https://taventures.vc/,Vist website,"Creative States Arsenal Kyiv, UA","Canada,USA,India,Indonesia,Japan,Malaysia,Philippines,Singapore,South Korea,Thailand,Vietnam,Austria,Belarus,Belgium,Croatia,Cyprus,Czech Republic,Denmark,Estonia,Finland,France,Georgia,Germany,Greece,Hungary,Italy,Latvia,Lithuania,Netherlands,Norway,Poland,Portugal,Romania,Spain,Switzerland,UK,Ukraine,Israel,Saudi Arabia,UAE,Australia",1. Idea or Patent
Blockrocket,https://www.blockrocket.io/,Vist website,"Taunusanlage 8, 60329 Frankfurt am Main, Germany","Germany,Austria,Switzerland,France,Luxembourg,UK,USA,Canada,Spain,Portugal,Singapore,UAE,Denmark,Belgium,Netherlands","1. Idea or Patent,2. Prototype,3. Early Revenue,4. Scaling,5. Growth"
Key Ventures,https://kventures.vc,Vist website,"16 rue de Nassau, 2313 Luxembourg","France,Luxembourg,UK,UAE","2. Prototype,3. Early Revenue,4. Scaling"
SuperCharger Ventures,https://www.superchargerventures.com/,Vist website,"London, UK","UK,Hong Kong,USA,Singapore,India,Brazil,UAE,Finland,France,Iceland,Sweden,Switzerland,Saudi Arabia,Qatar,Canada,Belarus,Russia,Ukraine,Italy,Greece,Spain,Portugal,Belgium,Kuwait,Denmark,Czech Republic,Egypt,Kazakhstan,Japan,Vietnam,Indonesia,Laos,Mexico,Lithuania,Estonia,Latvia,Norway,Colombia,Georgia,Germany,Hungary,Israel,Ireland,Turkey,South Korea,Albania,Algeria,Argentina,Armenia,Australia,Austria,Bangladesh,Cyprus,El Salvador,Jordan,Kenya,Nigeria,Pakistan","1. Idea or Patent,2. Prototype,3. Early Revenue,4. Scaling"
Wavelaunch VC,https://wavelaunch.org/,Vist website,"Office 211, Sector 27, Gurugram, Haryana, India PIN - 122009","India,Germany,USA,UK,UAE,New Zealand,Netherlands,Sweden,Switzerland,South Korea,Australia","2. Prototype,1. Idea or Patent,3. Early Revenue,4. Scaling"
Forster Chase Ventures,https://www.forsterchase.com/ventures-1,Vist website,"Hamilton House,  1 Temple Avenue,  Blackfriars, EC4Y 0HA","Afghanistan,Albania,Algeria,Andorra,Angola,Argentina,Antigua and Barbuda,Australia,Armenia,Austria,Azerbaijan,Bahamas,Bahrain,Bangladesh,Barbados,Belarus,Belize,Benin,Bhutan,Bolivia,Bosnia-H,Brazil,Brunei,Botswana,Burkina Faso,Bulgaria,Cabo Verde,Burundi,Cambodia,Belgium,Canada,Central African Republic,Chad,Chile,China,Cameroon,Colombia,Comoros,Costa Rica,Côte d'Ivoire,Croatia,Congo (Congo-Brazzaville),Cuba,Cyprus,Czech Republic,Denmark,Djibouti,DRC Congo,Dominica,Dominican Republic,Egypt,Ecuador,Equatorial Guinea,El Salvador,Eritrea,Estonia,Ethiopia,Fiji,Finland,""Eswatini (fmr. """"Swaziland"""")"",Gabon,Gambia,France,Germany,Georgia,Greece,Grenada,Ghana,Guinea,Guinea-Bissau,Guyana,Haiti,Guatemala,Holy See,Honduras,Hong Kong,Hungary,Iceland,India,Iran,Indonesia,Iraq,Ireland,Italy,Israel,Jamaica,Jordan,Japan,Kazakhstan,Kenya,Kuwait,Kiribati,Kyrgyzstan,Laos,Latvia,Lebanon,Liechtenstein,Liberia,Lesotho,Lithuania,Lybia,Luxembourg,Madagascar,Malawi,Maldives,Malaysia,Mali,Malta,Marshall Islands,Mauritania,Mauritius,Mexico,Micronesia,Moldova,Monaco,Mongolia,Montenegro,Morocco,Mozambique,Namibia,Myanmar,Nepal,Netherlands,New Zealand,Nicaragua,Niger,Nauru,North Korea,North Macedonia,Nigeria,Norway,Oman,Palau,Pakistan,Palestine,Panama,Papua New Guinea,Peru,Philippines,Paraguay,Portugal,Poland,Romania,Russia,Qatar,Rwanda,Saint Vincent and the Grenadines,Samoa,Sant Kitts and Nevis,Sant Lucia,San Marino,Saudi Arabia,Sao Tome and Principe,Serbia,Senegal,Sierra Leone,Seychelles,Singapore,Slovenia,Slovakia,Solomon Islands,South Africa,Somalia,South Korea,Spain,South Sudan,Sri Lanka,Sudan,Suriname,Switzerland,Sweden,Taiwan,Tajikistan,Syria,Tanzania,Timor-Leste,Thailand,Tonga,Togo,Tunisia,Trinidad and Tobago,Turkmenistan,Turkey,Tuvalu,Uganda,UAE,Ukraine,UK,Uruguay,USA,Uzbekistan,Venezuela,Vanuatu,Vietnam,Zambia,Yemen,Zimbabwe","2. Prototype,3. Early Revenue,1. Idea or Patent"
Henkel Ventures,https://www.henkel-ventures.com/,Vist website,"Düsseldorf, Nordrhein-Westfalen, Germany","Canada,USA,China,Hong Kong,India,Japan,Albania,Andorra,Austria,Bosnia-H,Bulgaria,Croatia,Cyprus,Denmark,Estonia,Finland,France,Georgia,Germany,Greece,Holy See,Hungary,Iceland,Ireland,Italy,Latvia,Liechtenstein,Lithuania,Luxembourg,Malta,Moldova,Monaco,Montenegro,Netherlands,North Macedonia,Norway,Poland,Portugal,Romania,Russia,San Marino,Serbia,Slovakia,Slovenia,Spain,Sweden,Switzerland,UK,Ukraine,Israel,UAE","3. Early Revenue,4. Scaling"
Horseshoe Capital,https://horseshoe.vc,Vist website,"Los Angeles, CA","Brazil,Canada,India,USA,UAE,UK,France,Germany,Spain,Portugal,Mexico,Pakistan,Italy,Argentina","2. Prototype,3. Early Revenue,4. Scaling"
Plus Venture Capital (+VC),https://plus.vc/,Vist website,"The Terminal Building, Block 338, Manama, Bahrain","Bahrain,UAE,Saudi Arabia,Kuwait,Oman,Qatar,Egypt,Tunisia,Jordan,Lebanon,Palestine,Syria,Lybia,Morocco,Algeria,Sudan",3. Early Revenue
500 Global,https://500.co/,Vist website,"814 Mission Street, San Francisco, CA 94103","USA,Mexico,India,Pakistan,Colombia,Brazil,Afghanistan,Albania,Algeria,Angola,Andorra,Antigua and Barbuda,Armenia,Argentina,Australia,Austria,Azerbaijan,Bahamas,Bahrain,Barbados,Bangladesh,Belarus,Belgium,Belize,Benin,Bhutan,Bolivia,Bosnia-H,Botswana,Brunei,Bulgaria,Burkina Faso,Burundi,Cabo Verde,Cambodia,Cameroon,Canada,Central African Republic,Chad,Chile,China,Comoros,Congo (Congo-Brazzaville),Costa Rica,Côte d'Ivoire,Croatia,Cuba,Cyprus,Czech Republic,DRC Congo,Denmark,Djibouti,Dominica,Dominican Republic,Ecuador,Egypt,El Salvador,Equatorial Guinea,Eritrea,Estonia,""Eswatini (fmr. """"Swaziland"""")"",Ethiopia,Fiji,Finland,France,Gabon,Gambia,Georgia,Germany,Ghana,Greece,Grenada,Guatemala,Guinea,Guinea-Bissau,Guyana,Haiti,Holy See,Honduras,Hong Kong,Hungary,Iceland,Indonesia,Iran,Iraq,Ireland,Israel,Italy,Jamaica,Japan,Jordan,Kazakhstan,Kenya,Kiribati,Kuwait,Kyrgyzstan,Laos,Latvia,Lebanon,Lesotho,Liberia,Liechtenstein,Lithuania,Luxembourg,Lybia,Madagascar,Malawi,Malaysia,Maldives,Mali,Malta,Marshall Islands,Mauritania,Mauritius,Micronesia,Moldova,Monaco,Mongolia,Montenegro,Morocco,Mozambique,Myanmar,Namibia,Nauru,Nepal,Netherlands,New Zealand,Nicaragua,Niger,Nigeria,North Korea,North Macedonia,Norway,Oman,Palau,Palestine,Panama,Papua New Guinea,Paraguay,Peru,Philippines,Poland,Portugal,Qatar,Romania,Russia,Rwanda,Saint Vincent and the Grenadines,Samoa,San Marino,Sant Kitts and Nevis,Sant Lucia,Sao Tome and Principe,Saudi Arabia,Senegal,Serbia,Seychelles,Sierra Leone,Singapore,Slovakia,Slovenia,Solomon Islands,Somalia,South Africa,South Korea,South Sudan,Spain,Sri Lanka,Sudan,Suriname,Sweden,Switzerland,Syria,Taiwan,Tajikistan,Tanzania,Thailand,Timor-Leste,Togo,Tonga,Trinidad and Tobago,Tunisia,Turkey,Turkmenistan,Tuvalu,Uganda,UK,Ukraine,UAE,Uruguay,Uzbekistan,Vanuatu,Venezuela,Vietnam,Yemen,Zambia,Zimbabwe","2. Prototype,3. Early Revenue,4. Scaling,5. Growth"
Deosai Ventures,https://www.deosai.vc/,Vist website,"Islamabad, Pakistan","USA,Pakistan,UAE","2. Prototype,3. Early Revenue,1. Idea or Patent"
Doha Tech Angels,http://www.dta.qa/,Vist website,"D Ring Road, Building No 131, Doha, PO BOX 2116, QA","Qatar,UAE,Saudi Arabia,Kuwait,Oman,Egypt,Pakistan,Singapore,India,Bangladesh,USA","3. Early Revenue,4. Scaling,5. Growth"
Sheesha Finance,https://www.sheeshafinance.io/,Vist website,"ALMAS-48-CV34 ALMAS Tower Plot, JLT-PH1-A0 Jumeirah Lakes Towers, Dubai, United Arab Emirates","Afghanistan,Albania,Algeria,Andorra,Angola,Antigua and Barbuda,Argentina,Armenia,Australia,Austria,Azerbaijan,Bahamas,Bahrain,Bangladesh,Barbados,Belarus,Belgium,Belize,Benin,Bhutan,Bolivia,Bosnia-H,Botswana,Brazil,Brunei,Bulgaria,Burkina Faso,Burundi,Cabo Verde,Cambodia,Cameroon,Canada,Central African Republic,Chad,Chile,China,Colombia,Comoros,Congo (Congo-Brazzaville),Costa Rica,Côte d'Ivoire,Croatia,Cuba,Cyprus,Czech Republic,DRC Congo,Denmark,Djibouti,Dominica,Dominican Republic,Ecuador,Egypt,El Salvador,Equatorial Guinea,Eritrea,Estonia,""Eswatini (fmr. """"Swaziland"""")"",Ethiopia,Fiji,Finland,France,Gabon,Gambia,Georgia,Germany,Ghana,Greece,Grenada,Guatemala,Guinea,Guinea-Bissau,Guyana,Haiti,Holy See,Honduras,Hong Kong,Hungary,Iceland,India,Indonesia,Iran,Iraq,Ireland,Israel,Italy,Jamaica,Japan,Jordan,Kazakhstan,Kenya,Kiribati,Kuwait,Kyrgyzstan,Laos,Latvia,Lebanon,Lesotho,Liberia,Liechtenstein,Lithuania,Luxembourg,Lybia,Madagascar,Malawi,Malaysia,Maldives,Mali,Malta,Marshall Islands,Mauritania,Mauritius,Mexico,Micronesia,Moldova,Monaco,Mongolia,Montenegro,Morocco,Mozambique,Myanmar,Namibia,Nauru,Nepal,Netherlands,New Zealand,Nicaragua,Niger,Nigeria,North Macedonia,Norway,Oman,Pakistan,Palau,Palestine,Panama,Papua New Guinea,Paraguay,Peru,Philippines,Poland,Portugal,Qatar,Romania,Russia,Rwanda,Saint Vincent and the Grenadines,Samoa,San Marino,Sant Kitts and Nevis,Sant Lucia,Sao Tome and Principe,Saudi Arabia,Senegal,Serbia,Seychelles,Sierra Leone,Singapore,Slovakia,Slovenia,Solomon Islands,Somalia,South Africa,South Korea,South Sudan,Spain,Sri Lanka,Sudan,Suriname,Sweden,Switzerland,Syria,Taiwan,Tajikistan,Tanzania,Thailand,Timor-Leste,Togo,Tonga,Trinidad and Tobago,Tunisia,Turkey,Turkmenistan,Tuvalu,UAE,Uganda,UK,Ukraine,Uruguay,USA,Uzbekistan,Vanuatu,Venezuela,Vietnam,Zambia,Zimbabwe","5. Growth,4. Scaling,6. Pre-IPO"
Foundation Ventures,https://www.foundationventures.com,Vist website,"23a Ismail Mohamed Street, El Zamalek, Cairo EG","Egypt,Jordan,UAE","3. Early Revenue,4. Scaling"
Rebel Capital,https://www.rebel.vc/,Vist website,"New York, NY","USA,Argentina,Mexico,Colombia,Brazil,Canada,Chile,France,UK,South Korea,Vietnam,Japan,UAE,Israel,New Zealand,Australia","1. Idea or Patent,2. Prototype,3. Early Revenue,4. Scaling"
Aezist,https://www.aezist.com/,Vist website,"78 SW 7th St, Miami, FL 33130","USA,Austria,Mexico,Colombia,Peru,Brazil,France,UK,Spain,Switzerland,Sweden,Norway,Germany,Poland,South Africa,Nigeria,UAE,Hong Kong,Israel,Estonia,Japan,Ecuador,Italy,Georgia,Canada","1. Idea or Patent,2. Prototype,3. Early Revenue"
Flucas Ventures,https://www.flucasvc.com/,Vist website,"Palm Beach, Florida, USA","USA,Nigeria,Mexico,Colombia,Brazil,India,Pakistan,Ghana,South Africa,Kenya,Canada,Israel,UAE,Egypt,Morocco","3. Early Revenue,2. Prototype,4. Scaling,1. Idea or Patent"
YAP Capital,https://www.yapcapital.ventures/,Vist website,Munich,"Germany,France,Italy,UK,Norway,South Africa,Central African Republic,USA,Singapore,Saudi Arabia,Afghanistan,Albania,Algeria,Andorra,Angola,Antigua and Barbuda,Argentina,Armenia,Australia,Austria,Azerbaijan,Bahamas,Bahrain,Bangladesh,Barbados,Belarus,Belgium,Belize,Benin,Bhutan,Bolivia,Bosnia-H,Botswana,Brazil,Brunei,Bulgaria,Burkina Faso,Burundi,Cabo Verde,Cambodia,Cameroon,Canada,Chad,Chile,China,Colombia,Comoros,Congo (Congo-Brazzaville),Costa Rica,Côte d'Ivoire,Croatia,Cuba,Cyprus,Czech Republic,DRC Congo,Denmark,Djibouti,Dominica,Dominican Republic,Ecuador,Egypt,El Salvador,Equatorial Guinea,Eritrea,Estonia,""Eswatini (fmr. """"Swaziland"""")"",Ethiopia,Fiji,Finland,Gabon,Gambia,Georgia,Ghana,Greece,Grenada,Guatemala,Guinea,Guinea-Bissau,Guyana,Haiti,Holy See,Honduras,Hong Kong,Hungary,Iceland,India,Indonesia,Iran,Iraq,Ireland,Israel,Jamaica,Japan,Jordan,Kazakhstan,Kenya,Kiribati,Kuwait,Kyrgyzstan,Laos,Latvia,Lebanon,Lesotho,Liberia,Liechtenstein,Lithuania,Luxembourg,Lybia,Madagascar,Malawi,Malaysia,Maldives,Mali,Malta,Marshall Islands,Mauritania,Mauritius,Mexico,Micronesia,Moldova,Monaco,Mongolia,Montenegro,Morocco,Mozambique,Myanmar,Namibia,Nauru,Nepal,Netherlands,New Zealand,Nicaragua,Niger,Nigeria,North Korea,North Macedonia,Oman,Pakistan,Palau,Palestine,Panama,Papua New Guinea,Paraguay,Peru,Philippines,Poland,Portugal,Qatar,Romania,Rwanda,Saint Vincent and the Grenadines,Samoa,San Marino,Sant Kitts and Nevis,Sant Lucia,Sao Tome and Principe,Senegal,Serbia,Russia,Seychelles,Sierra Leone,Slovakia,Slovenia,Solomon Islands,Somalia,South Korea,South Sudan,Spain,Sri Lanka,Sudan,Suriname,Sweden,Switzerland,Syria,Taiwan,Tajikistan,Tanzania,Thailand,Timor-Leste,Togo,Tonga,Trinidad and Tobago,Tunisia,Turkey,Turkmenistan,Tuvalu,UAE,Uganda,Ukraine,Uruguay,Uzbekistan,Vanuatu,Venezuela,Vietnam,Yemen,Zambia,Zimbabwe",3. Early Revenue
OTF,https://www.otf.om/,Vist website,"Knowledge Oasis Muscat, Building #5, Muscat, Oman","Algeria,Bahrain,Egypt,Iraq,Jordan,Kenya,Kuwait,Lebanon,Lybia,Morocco,Oman,Pakistan,Qatar,Saudi Arabia,Sudan,Syria,Palestine,Tanzania,UAE,Uruguay","3. Early Revenue,4. Scaling,5. Growth"
Brinc,https://www.brinc.io/,Vist website,"7F Floor Block A PMQ, 35 Aberdeen St, Central, Hong Kong","South Africa,Brazil,Canada,Mexico,USA,China,Hong Kong,India,Philippines,Singapore,Thailand,Vietnam,Austria,Germany,Italy,Spain,Switzerland,UK,Ukraine,Bahrain,Turkey,UAE,Australia","4. Scaling,5. Growth,6. Pre-IPO,3. Early Revenue"
d.ventures,https://d.ventures/,Vist website,"Krotenthallergasse 8, 1080 Vienna, Austria","Germany,Austria,Switzerland,UAE,USA,Canada,Spain,France,Denmark,Netherlands,Sweden,Belgium,Italy,Finland,Norway,UK,Bulgaria","1. Idea or Patent,2. Prototype,3. Early Revenue,4. Scaling,5. Growth,6. Pre-IPO"
dlab,https://dlab.vc/,Vist website,"New York, NYC US","Angola,Benin,Botswana,Burkina Faso,Burundi,Cabo Verde,Cameroon,Central African Republic,Chad,Comoros,Congo (Congo-Brazzaville),DRC Congo,Côte d'Ivoire,Equatorial Guinea,Eritrea,Ethiopia,Gabon,Gambia,Ghana,Guinea,Guinea-Bissau,Kenya,Lesotho,Liberia,Madagascar,Malawi,Mali,Mauritius,Mozambique,Namibia,Niger,Nigeria,Rwanda,Sao Tome and Principe,Senegal,Seychelles,Sierra Leone,Somalia,South Africa,Tanzania,Togo,Uganda,Zambia,Zimbabwe,Antigua and Barbuda,Argentina,Bahamas,Barbados,Belize,Bolivia,Brazil,Canada,Chile,Colombia,Costa Rica,Dominica,Dominican Republic,Ecuador,El Salvador,Grenada,Guatemala,Guyana,Haiti,Honduras,Jamaica,Mexico,Nicaragua,Panama,Paraguay,Peru,Sant Kitts and Nevis,Sant Lucia,Saint Vincent and the Grenadines,Suriname,Trinidad and Tobago,USA,Uruguay,Venezuela,Afghanistan,Azerbaijan,Bangladesh,Bhutan,Cambodia,China,Hong Kong,India,Indonesia,Japan,Kazakhstan,Kyrgyzstan,Laos,Malaysia,Maldives,Mongolia,Myanmar,Nepal,Pakistan,Philippines,Singapore,South Korea,Sri Lanka,Tajikistan,Thailand,Timor-Leste,Turkmenistan,Uzbekistan,Vietnam,Albania,Andorra,Austria,Belarus,Belgium,Bosnia-H,Bulgaria,Croatia,Cyprus,Czech Republic,Denmark,Estonia,Finland,France,Georgia,Germany,Greece,Holy See,Hungary,Iceland,Ireland,Italy,Latvia,Liechtenstein,Lithuania,Luxembourg,Malta,Moldova,Monaco,Montenegro,Netherlands,North Macedonia,Norway,Poland,Portugal,Romania,San Marino,Serbia,Slovakia,Slovenia,Spain,Sweden,Switzerland,UK,Ukraine,Algeria,Bahrain,Djibouti,Egypt,Iraq,Israel,Jordan,Kuwait,Lebanon,Lybia,Mauritania,Morocco,Oman,Palestine,Qatar,Saudi Arabia,Sudan,Tunisia,Turkey,UAE,Yemen,Australia,Fiji,Kiribati,Marshall Islands,Micronesia,New Zealand,Palau,Papua New Guinea,Samoa,Solomon Islands,Tonga,Tuvalu,Vanuatu","1. Idea or Patent,2. Prototype,3. Early Revenue"
Ischyros New York,https://www.ischyrosnewyork.com/,Vist website,"The Clubhouse Mayfair, 50 Grosve, Grosvenor Hill, London, W1K 3QT","Argentina,Austria,USA,UAE,India,Japan,Australia,UK,France,Germany,Brazil,Denmark,Israel,Saudi Arabia,Bahrain","3. Early Revenue,2. Prototype,1. Idea or Patent"
Meta3Ventures,http://www.meta3ventures.com/,Vist website,"121 Menachem Begin, Tel Aviv, Israel","Israel,UK,USA,UAE",3. Early Revenue
Alecla7,https://www.alecla7.com/,Vist website,"Corso Venezia 54, Milan, Italy","Argentina,Brazil,Chile,Mexico,USA,India,Indonesia,Singapore,France,Germany,Italy,Spain,Sweden,UK,Israel,UAE","3. Early Revenue,4. Scaling,5. Growth"
DH Ventures (Delivery Hero Ventures),https://dhventures.vc/,Vist website,"Oranienburger Str. 70, 10117 Berlin, Germany","Argentina,Vietnam,Austria,Brazil,Egypt,Thailand,Colombia,Malaysia,Singapore,Germany,Pakistan,Cambodia,Uruguay,UAE,Turkey,South Korea,Hong Kong,USA,UK,Chile,Greece,Sweden,Portugal,Spain,Hungary,Finland,Taiwan,Saudi Arabia,Philippines,Peru","2. Prototype,3. Early Revenue"
HubSpot Ventures,https://www.hubspot.com/ventures,Vist website,"25 First St, Cambridge, MA 02141","USA,Argentina,Australia,Austria,Belgium,Brazil,Canada,Estonia,Liechtenstein,Malawi,Mozambique,Tunisia,Slovenia,Zambia,Vietnam,Uruguay,Ukraine,UK,Iceland,Kenya,Lebanon,Kuwait,Luxembourg,France,Greece,Jordan,Israel,Hungary,Hong Kong,Lithuania,Indonesia,Mexico,Nepal,Pakistan,Nigeria,Japan,Italy,Netherlands,Norway,Panama,Senegal,New Zealand,Poland,Philippines,Singapore,Slovakia,Taiwan,Morocco,South Africa,UAE,Thailand,Tanzania,Switzerland,Sweden,Spain,South Korea,Chile,Colombia,Costa Rica,Czech Republic,Croatia,Denmark,Ecuador,Finland,Germany,India,Ireland,Peru,Portugal,Romania,Rwanda",3. Early Revenue
CIG,https://cig.vc/en,Vist website,"Tower 101, Kyiv, Ukraine","Austria,UK,Ukraine,Poland,Czech Republic,Slovenia,Slovakia,Germany,Israel,France,Portugal,Belgium,Brazil,Bulgaria,Canada,USA,Cyprus,Croatia,Denmark,Estonia,Latvia,Lithuania,Finland,Turkey,Greece,Iceland,Ireland,Italy,Luxembourg,Monaco,Moldova,Montenegro,Netherlands,Norway,Romania,Qatar,UAE,Spain,Sweden,Switzerland",2. Prototype
Aperitivo,https://aperitivo.vc,Vist website,"Avinguda Diagonal, 606, 08021 Barcelona","Afghanistan,Albania,Zimbabwe,Algeria,Andorra,Angola,Antigua and Barbuda,Argentina,Armenia,Australia,Austria,Azerbaijan,Bahamas,Bahrain,Bangladesh,Barbados,Belarus,Belgium,Benin,Bhutan,Bolivia,Bosnia-H,Botswana,Brazil,Brunei,Bulgaria,Burkina Faso,Burundi,Cabo Verde,Cambodia,Cameroon,Canada,Central African Republic,Chad,Chile,China,Colombia,Comoros,Congo (Congo-Brazzaville),Costa Rica,Côte d'Ivoire,Croatia,Cuba,Cyprus,Czech Republic,DRC Congo,Denmark,Djibouti,Dominican Republic,Egypt,El Salvador,Equatorial Guinea,Eritrea,Estonia,""Eswatini (fmr. """"Swaziland"""")"",Ethiopia,Fiji,Finland,France,Gabon,Gambia,Georgia,Germany,Ghana,Greece,Grenada,Guatemala,Guinea,Guinea-Bissau,Guyana,Haiti,Holy See,Honduras,Hong Kong,Hungary,Iceland,India,Indonesia,Iran,Iraq,Ireland,Israel,Italy,Jamaica,Japan,Jordan,Kazakhstan,Kenya,Kiribati,Kuwait,Kyrgyzstan,Laos,Latvia,Lebanon,Lesotho,Liberia,Liechtenstein,Lithuania,Luxembourg,Lybia,Madagascar,Malawi,Malaysia,Maldives,Mali,Malta,Marshall Islands,Mauritania,Mauritius,Mexico,Micronesia,Moldova,Ecuador,Monaco,Mongolia,Montenegro,Morocco,Mozambique,Myanmar,Namibia,Nauru,Nepal,Netherlands,New Zealand,Nicaragua,Niger,Nigeria,North Korea,North Macedonia,Norway,Oman,Pakistan,Palau,Palestine,Panama,Papua New Guinea,Paraguay,Peru,Philippines,Poland,Portugal,Qatar,Romania,Russia,Rwanda,Saint Vincent and the Grenadines,Samoa,San Marino,Sant Kitts and Nevis,Sant Lucia,Sao Tome and Principe,Saudi Arabia,Senegal,Serbia,Seychelles,Sierra Leone,Singapore,Slovakia,Slovenia,Solomon Islands,Somalia,South Africa,South Korea,South Sudan,Spain,Sri Lanka,Sudan,Suriname,Sweden,Switzerland,Syria,Taiwan,Tajikistan,Tanzania,Thailand,Timor-Leste,Togo,Tonga,Trinidad and Tobago,Tunisia,Turkey,Turkmenistan,Tuvalu,UAE,Uganda,UK,Ukraine,Uruguay,USA,Uzbekistan,Vanuatu,Venezuela,Vietnam,Belize,Dominica,Yemen,Zambia","1. Idea or Patent,2. Prototype,3. Early Revenue"
Palindrome Capital,https://www.palindrome-capital.com/,Vist website,Luxembourg,"Australia,Austria,Bahrain,Belgium,Brazil,Bulgaria,France,Luxembourg,UK,Ireland,Spain,Portugal,Italy,UAE,Sweden,Switzerland,Botswana,Norway,South Africa,South Korea,Hong Kong,Monaco,Netherlands,USA,Cyprus,Japan,New Zealand,Germany,Singapore,Turkey,Saudi Arabia,Croatia,Czech Republic,Greece,Canada,Mexico,Estonia,Lithuania,Latvia,Finland,Denmark,Liechtenstein,Qatar,Romania","3. Early Revenue,4. Scaling"
Prepare 4 VC,http://prepare4vc.com,Vist website,"100 State Street, FL 11, Boston, MA 02109","Ghana,Kenya,South Africa,Argentina,Brazil,Canada,Chile,Mexico,Peru,Trinidad and Tobago,USA,India,Singapore,Denmark,France,Germany,Switzerland,UK,Israel,Turkey,UAE",1. Idea or Patent
